config_id,architecture,mapping,precision,attention,accuracy,latency_s,is_pareto
swin_t_architecture_aware_aggressive_qkt_only,swin_t,architecture_aware,aggressive,qkt_only,95.3125,28.79159426689148,True
swin_t_architecture_aware_conservative_softmax_only,swin_t,architecture_aware,conservative,softmax_only,95.3125,29.05648899078369,False
swin_t_architecture_aware_balanced_qkt_only,swin_t,architecture_aware,balanced,qkt_only,95.3125,29.158838510513306,False
swin_t_architecture_aware_conservative_all,swin_t,architecture_aware,conservative,all,95.3125,29.15905475616455,False
swin_t_conventional_conservative_softmax_only,swin_t,conventional,conservative,softmax_only,95.3125,29.18248724937439,False
swin_t_architecture_aware_balanced_softmax_only,swin_t,architecture_aware,balanced,softmax_only,95.3125,29.21731185913086,False
swin_t_conventional_balanced_all,swin_t,conventional,balanced,all,95.3125,29.225291967391968,False
swin_t_conventional_aggressive_all,swin_t,conventional,aggressive,all,95.3125,29.241613626480103,False
swin_t_architecture_aware_aggressive_softmax_only,swin_t,architecture_aware,aggressive,softmax_only,95.3125,29.303590774536133,False
swin_t_conventional_conservative_qkt_only,swin_t,conventional,conservative,qkt_only,95.3125,29.3084454536438,False
swin_t_conventional_balanced_softmax_only,swin_t,conventional,balanced,softmax_only,95.3125,29.559972524642944,False
swin_t_conventional_aggressive_softmax_only,swin_t,conventional,aggressive,softmax_only,95.3125,29.62460494041443,False
swin_t_architecture_aware_balanced_all,swin_t,architecture_aware,balanced,all,95.3125,29.813796758651733,False
swin_t_conventional_conservative_all,swin_t,conventional,conservative,all,95.3125,29.816410541534424,False
swin_t_conventional_balanced_qkt_only,swin_t,conventional,balanced,qkt_only,95.3125,29.927425384521484,False
swin_t_architecture_aware_aggressive_all,swin_t,architecture_aware,aggressive,all,95.3125,29.96558713912964,False
swin_t_conventional_aggressive_qkt_only,swin_t,conventional,aggressive,qkt_only,95.3125,30.16697907447815,False
swin_t_architecture_aware_conservative_qkt_only,swin_t,architecture_aware,conservative,qkt_only,95.3125,30.28618359565735,False
vit_b_architecture_aware_conservative_none,vit_b,architecture_aware,conservative,none,93.75,48.00410509109497,False
vit_b_conventional_aggressive_none,vit_b,conventional,aggressive,none,93.75,48.01615500450134,False
vit_b_architecture_aware_aggressive_none,vit_b,architecture_aware,aggressive,none,93.75,48.09372663497925,False
vit_b_conventional_conservative_none,vit_b,conventional,conservative,none,93.75,48.287256479263306,False
vit_b_conventional_balanced_none,vit_b,conventional,balanced,none,93.75,48.356775999069214,False
vit_b_architecture_aware_balanced_none,vit_b,architecture_aware,balanced,none,93.75,48.528281927108765,False
swin_t_conventional_standard_softmax_only,swin_t,conventional,standard,softmax_only,92.1875,26.58409571647644,True
swin_t_architecture_aware_standard_all,swin_t,architecture_aware,standard,all,92.1875,26.746094942092896,False
swin_t_architecture_aware_standard_qkt_only,swin_t,architecture_aware,standard,qkt_only,92.1875,26.752351760864258,False
swin_t_conventional_standard_qkt_only,swin_t,conventional,standard,qkt_only,92.1875,26.88846206665039,False
swin_t_conventional_standard_all,swin_t,conventional,standard,all,92.1875,27.53031826019287,False
swin_t_architecture_aware_standard_softmax_only,swin_t,architecture_aware,standard,softmax_only,92.1875,28.95798945426941,False
swin_t_architecture_aware_balanced_none,swin_t,architecture_aware,balanced,none,90.625,29.098350763320923,False
swin_t_architecture_aware_aggressive_none,swin_t,architecture_aware,aggressive,none,90.625,29.152562856674194,False
swin_t_architecture_aware_conservative_none,swin_t,architecture_aware,conservative,none,90.625,29.41474676132202,False
swin_t_conventional_aggressive_none,swin_t,conventional,aggressive,none,90.625,30.033282995224,False
swin_t_conventional_conservative_none,swin_t,conventional,conservative,none,90.625,30.10011386871338,False
swin_t_conventional_balanced_none,swin_t,conventional,balanced,none,90.625,30.16280198097229,False
vit_b_architecture_aware_standard_none,vit_b,architecture_aware,standard,none,90.625,45.1158230304718,False
vit_b_conventional_standard_all,vit_b,conventional,standard,all,90.625,45.359291315078735,False
vit_b_conventional_standard_qkt_only,vit_b,conventional,standard,qkt_only,90.625,45.38621664047241,False
vit_b_architecture_aware_standard_qkt_only,vit_b,architecture_aware,standard,qkt_only,90.625,45.392329931259155,False
vit_b_architecture_aware_standard_all,vit_b,architecture_aware,standard,all,90.625,45.49992799758911,False
vit_b_conventional_standard_softmax_only,vit_b,conventional,standard,softmax_only,90.625,45.51690483093262,False
vit_b_conventional_standard_none,vit_b,conventional,standard,none,90.625,45.67023324966431,False
vit_b_architecture_aware_standard_softmax_only,vit_b,architecture_aware,standard,softmax_only,90.625,45.85270285606384,False
vit_b_conventional_aggressive_qkt_only,vit_b,conventional,aggressive,qkt_only,89.0625,47.86189150810242,False
vit_b_conventional_aggressive_all,vit_b,conventional,aggressive,all,89.0625,47.92906928062439,False
vit_b_conventional_aggressive_softmax_only,vit_b,conventional,aggressive,softmax_only,89.0625,47.94956970214844,False
vit_b_conventional_balanced_qkt_only,vit_b,conventional,balanced,qkt_only,89.0625,48.06310677528381,False
vit_b_architecture_aware_balanced_softmax_only,vit_b,architecture_aware,balanced,softmax_only,89.0625,48.230045795440674,False
vit_b_architecture_aware_aggressive_qkt_only,vit_b,architecture_aware,aggressive,qkt_only,89.0625,48.2472403049469,False
vit_b_conventional_conservative_softmax_only,vit_b,conventional,conservative,softmax_only,89.0625,48.2598671913147,False
vit_b_architecture_aware_conservative_all,vit_b,architecture_aware,conservative,all,89.0625,48.30463719367981,False
vit_b_architecture_aware_balanced_qkt_only,vit_b,architecture_aware,balanced,qkt_only,89.0625,48.334492921829224,False
vit_b_conventional_conservative_qkt_only,vit_b,conventional,conservative,qkt_only,89.0625,48.53356885910034,False
vit_b_architecture_aware_aggressive_softmax_only,vit_b,architecture_aware,aggressive,softmax_only,89.0625,48.71078538894653,False
vit_b_architecture_aware_balanced_all,vit_b,architecture_aware,balanced,all,89.0625,48.72659873962402,False
vit_b_conventional_conservative_all,vit_b,conventional,conservative,all,89.0625,48.789069175720215,False
vit_b_conventional_balanced_softmax_only,vit_b,conventional,balanced,softmax_only,89.0625,49.366450786590576,False
vit_b_conventional_balanced_all,vit_b,conventional,balanced,all,89.0625,49.7220721244812,False
vit_b_architecture_aware_conservative_softmax_only,vit_b,architecture_aware,conservative,softmax_only,89.0625,49.86896586418152,False
vit_b_architecture_aware_conservative_qkt_only,vit_b,architecture_aware,conservative,qkt_only,89.0625,49.9573872089386,False
vit_b_architecture_aware_aggressive_all,vit_b,architecture_aware,aggressive,all,89.0625,50.08998513221741,False
swin_t_architecture_aware_standard_none,swin_t,architecture_aware,standard,none,87.5,27.606323957443237,False
swin_t_conventional_standard_none,swin_t,conventional,standard,none,87.5,27.633715867996216,False
