0,0,0,0,0,0,0,0,0,0,0,0,0,0,0,0
0,0,0,0,0,0,0,1,0,0,0,0,0,0,0,0
0,0,0,0,0,0,0,3,0,0,0,0,0,0,0,0
0,0,0,0,0,0,0,0,0,0,0,0,0,1,0,0
0,0,0,0,0,0,0,1,0,0,0,0,0,1,0,0
0,0,0,2,0,0,0,2,0,0,0,1,1,0,0,1
0,0,0,0,0,0,0,0,0,0,0,0,0,0,0,0
0,0,0,1,0,0,0,0,0,0,0,0,0,0,0,0
0,0,0,3,0,0,0,0,0,0,0,0,0,0,0,0
0,0,0,0,0,29,29,20,0,21,7,28,0,13,8,19
0,0,0,0,19,27,29,19,16,17,17,9,7,10,6,10
0,0,0,0,29,29,20,3,21,7,28,2,13,8,19,5
0,20,24,22,0,28,17,21,0,17,10,20,0,14,5,11
9,23,24,24,21,25,26,20,12,15,14,15,6,3,12,15
20,24,22,11,28,17,21,4,17,10,20,2,14,5,11,3
0,29,29,20,0,21,7,28,0,13,8,19,0,4,6,12
19,27,29,19,16,17,17,9,7,10,6,10,1,4,10,13
29,29,20,3,21,7,28,2,13,8,19,5,4,6,12,0
0,0,0,0,0,31,29,29,0,16,6,9,0,1,10,12
0,0,0,0,39,33,30,32,23,19,1,24,9,2,12,8
0,0,0,0,31,29,29,13,16,6,9,16,1,10,12,5
0,34,36,35,0,26,20,13,0,7,3,11,0,0,9,25
34,36,35,35,34,28,20,29,8,6,4,18,5,11,15,21
34,36,35,19,26,20,13,16,7,3,11,6,0,9,25,10
0,31,29,29,0,16,6,9,0,1,10,12,0,9,9,20
39,33,30,32,23,19,1,24,9,2,12,8,4,9,13,6
31,29,29,13,16,6,9,16,1,10,12,5,9,9,20,12
0,0,0,0,0,25,23,23,0,15,19,3,0,12,2,5
0,0,0,0,0,25,28,29,2,19,20,5,0,6,7,3
0,0,0,0,25,23,23,21,15,19,3,8,12,2,5,1
0,8,4,1,0,21,19,2,0,10,5,2,0,0,8,7
0,5,5,3,1,19,13,19,1,9,11,10,0,1,11,13
8,4,1,2,21,19,2,12,10,5,2,5,0,8,7,9
0,25,23,23,0,15,19,3,0,12,2,5,0,1,6,3
0,25,28,29,2,19,20,5,0,6,7,3,0,3,7,14
25,23,23,21,15,19,3,8,12,2,5,1,1,6,3,7
0,0,0,0,0,0,0,0,0,0,2,1,0,0,1,0
0,0,0,0,0,0,0,0,0,1,2,2,0,1,0,0
0,0,0,0,0,0,0,0,0,2,1,3,0,1,0,0
0,0,0,0,0,0,0,3,0,0,2,0,0,0,0,0
0,0,0,0,0,0,1,1,0,1,1,2,0,0,0,0
0,0,0,0,0,0,3,2,0,2,0,2,0,0,0,1
0,0,0,0,0,0,2,1,0,0,1,0,0,0,0,3
0,0,0,0,0,1,2,2,0,1,0,0,0,0,0,0
0,0,0,0,0,2,1,3,0,1,0,0,0,0,3,11
0,0,0,0,0,0,0,0,0,0,0,0,0,0,0,0
0,0,0,0,0,0,0,0,0,0,0,0,0,0,0,0
0,0,0,0,0,0,0,0,0,0,0,0,0,0,0,0
0,0,0,0,0,0,0,0,0,0,0,0,0,0,0,0
0,0,0,0,0,0,0,0,0,0,0,0,0,0,0,0
0,0,0,0,0,0,0,0,0,0,0,0,0,0,0,0
0,0,0,0,0,0,0,0,0,0,0,0,0,1,0,0
0,0,0,0,0,0,0,0,0,0,0,0,1,0,0,0
0,0,0,0,0,0,0,0,0,0,0,0,1,0,0,0
0,0,0,0,0,0,0,0,0,0,0,0,0,0,1,0
0,0,0,0,0,0,0,0,0,0,0,0,0,0,0,0
0,0,0,0,0,0,0,3,0,0,0,7,0,1,0,2
0,1,1,0,0,0,0,0,0,4,1,0,0,2,1,0
0,1,0,0,0,0,0,0,0,2,0,0,0,0,0,0
1,1,0,3,0,0,0,0,4,1,0,5,2,1,0,0
0,0,0,0,0,0,0,0,0,0,1,0,0,0,0,0
0,0,0,0,0,0,0,0,0,0,0,0,0,0,0,1
0,0,0,3,0,0,0,7,0,1,0,2,0,0,0,0
0,0,0,0,0,3,0,0,0,0,0,3,0,2,4,8
0,0,0,0,9,0,0,0,7,0,0,4,6,5,4,0
0,0,0,0,3,0,0,0,0,0,3,0,2,4,8,7
0,14,15,18,0,2,0,0,0,3,0,2,0,3,4,9
11,16,16,14,10,0,3,0,4,4,0,0,3,10,4,1
14,15,18,15,2,0,0,0,3,0,2,4,3,4,9,0
0,3,0,0,0,0,0,3,0,2,4,8,0,6,3,4
9,0,0,0,7,0,0,4,6,5,4,0,5,3,5,2
3,0,0,0,0,0,3,0,2,4,8,7,6,3,4,1
0,0,0,0,0,12,17,11,0,20,18,6,0,7,10,3
0,0,0,0,2,13,17,14,1,17,18,17,1,7,8,9
0,0,0,0,12,17,11,17,20,18,6,16,7,10,3,9
0,0,3,2,0,20,17,6,0,19,11,2,0,11,9,5
2,1,3,3,2,20,13,10,4,12,8,16,2,17,7,6
0,3,2,8,20,17,6,17,19,11,2,8,11,9,5,8
0,12,17,11,0,20,18,6,0,7,10,3,0,8,9,4
2,13,17,14,1,17,18,17,1,7,8,9,7,4,10,20
12,17,11,17,20,18,6,16,7,10,3,9,8,9,4,10
0,0,0,0,0,14,17,20,0,12,19,15,0,5,7,9
0,0,0,0,3,18,18,19,3,17,11,13,0,4,9,7
0,0,0,0,14,17,20,24,12,19,15,19,5,7,9,13
0,1,2,2,0,13,17,20,0,5,19,10,0,3,4,7
0,2,2,2,3,18,15,16,4,11,16,10,4,3,10,13
1,2,2,3,13,17,20,20,5,19,10,13,3,4,7,10
0,14,17,20,0,12,19,15,0,5,7,9,0,1,5,4
3,18,18,19,3,17,11,13,0,4,9,7,4,2,4,11
14,17,20,24,12,19,15,19,5,7,9,13,1,5,4,16
0,0,0,0,0,42,44,49,0,34,39,12,0,11,12,11
0,0,0,0,25,46,50,47,15,35,34,29,6,11,16,12
0,0,0,0,42,44,49,43,34,39,12,36,11,12,11,11
0,26,32,35,0,43,46,24,0,11,23,8,0,14,13,13
18,31,34,36,20,47,46,46,7,12,13,23,5,10,15,20
26,32,35,34,43,46,24,41,11,23,8,17,14,13,13,15
0,42,44,49,0,34,39,12,0,11,12,11,0,4,12,14
25,46,50,47,15,35,34,29,6,11,16,12,4,4,13,18
42,44,49,43,34,39,12,36,11,12,11,11,4,12,14,28
0,0,0,0,0,66,73,87,0,58,66,35,0,18,17,22
0,0,0,0,36,74,70,79,32,66,40,67,10,14,18,34
0,0,0,0,66,73,87,65,58,66,35,60,18,17,22,28
0,46,53,58,0,69,75,52,0,29,41,23,0,9,12,29
28,52,53,57,38,78,65,68,17,36,17,38,6,17,16,37
46,53,58,44,69,75,52,67,29,41,23,41,9,12,29,28
0,66,73,87,0,58,66,35,0,18,17,22,0,15,8,24
36,74,70,79,32,66,40,67,10,14,18,34,8,8,16,38
66,73,87,65,58,66,35,60,18,17,22,28,15,8,24,42
0,0,0,0,0,4,1,2,0,2,0,3,0,1,1,9
0,0,0,0,11,1,1,0,6,2,1,6,6,1,0,2
0,0,0,0,4,1,2,5,2,0,3,3,1,1,9,3
0,5,1,1,0,2,0,1,0,1,1,1,0,0,1,4
5,2,0,2,7,1,1,1,6,1,3,6,2,1,2,2
5,1,1,3,2,0,1,4,1,1,1,4,0,1,4,2
0,4,1,2,0,2,0,3,0,1,1,9,0,1,1,3
11,1,1,0,6,2,1,6,6,1,0,2,0,0,3,2
4,1,2,5,2,0,3,3,1,1,9,3,1,1,3,2
0,0,0,0,0,1,10,14,0,21,20,17,0,3,3,5
0,0,0,0,2,6,21,7,11,25,25,21,2,8,2,5
0,0,0,0,1,10,14,21,21,20,17,24,3,3,5,8
0,4,11,14,0,18,18,8,0,10,9,0,0,1,6,9
4,10,13,12,12,21,24,20,7,9,6,9,2,1,7,8
4,11,14,23,18,18,8,24,10,9,0,14,1,6,9,12
0,1,10,14,0,21,20,17,0,3,3,5,0,0,5,13
2,6,21,7,11,25,25,21,2,8,2,5,0,3,8,7
1,10,14,21,21,20,17,24,3,3,5,8,0,5,13,16
0,0,0,0,0,2,3,3,0,7,7,8,0,5,8,4
0,0,0,0,3,2,5,4,7,5,7,5,4,3,7,3
0,0,0,0,2,3,3,3,7,7,8,3,5,8,4,2
0,6,5,6,0,3,6,6,0,5,5,11,0,3,6,1
11,5,4,1,6,4,6,3,6,5,5,4,3,9,5,0
6,5,6,2,3,6,6,3,5,5,11,1,3,6,1,2
0,2,3,3,0,7,7,8,0,5,8,4,0,4,4,4
3,2,5,4,7,5,7,5,4,3,7,3,5,3,4,3
2,3,3,3,7,7,8,3,5,8,4,2,4,4,4,2
0,0,0,0,0,0,0,0,0,0,0,0,0,1,0,0
0,0,0,0,0,0,0,0,0,0,0,0,1,0,1,0
0,0,0,0,0,0,0,0,0,0,0,0,1,0,0,0
0,0,0,0,0,0,0,0,0,0,0,0,0,0,0,0
0,0,0,0,0,0,0,0,0,1,0,0,0,0,0,0
0,0,0,0,0,0,0,0,0,0,0,0,0,0,0,0
0,0,0,0,0,0,0,0,0,1,0,0,0,0,0,0
0,0,0,0,0,0,0,0,1,0,1,0,0,0,0,0
0,0,0,0,0,0,0,0,1,0,0,0,0,0,0,0
0,0,0,0,0,30,28,25,0,24,28,16,0,11,1,17
0,0,0,0,19,32,31,35,15,29,15,20,6,9,4,20
0,0,0,0,30,28,25,21,24,28,16,18,11,1,17,6
0,37,37,40,0,30,32,24,0,16,17,16,0,1,3,11
27,36,37,40,18,31,27,37,7,18,5,17,3,1,8,14
37,37,40,28,30,32,24,20,16,17,16,18,1,3,11,4
0,30,28,25,0,24,28,16,0,11,1,17,0,0,1,14
19,32,31,35,15,29,15,20,6,9,4,20,0,1,3,13
30,28,25,21,24,28,16,18,11,1,17,6,0,1,14,18
0,0,0,0,0,6,3,5,0,13,11,4,0,1,15,0
0,0,0,0,1,4,5,7,8,10,12,3,2,1,0,5
0,0,0,0,6,3,5,4,13,11,4,10,1,15,0,0
0,0,0,0,0,12,13,3,0,9,2,0,0,3,2,1
3,0,0,0,6,10,8,9,7,7,2,7,5,17,1,2
0,0,0,0,12,13,3,10,9,2,0,8,3,2,1,3
0,6,3,5,0,13,11,4,0,1,15,0,0,13,1,1
1,4,5,7,8,10,12,3,2,1,0,5,14,8,3,5
6,3,5,4,13,11,4,10,1,15,0,0,13,1,1,0
0,0,0,0,0,9,8,11,0,2,3,2,0,2,1,0
0,0,0,0,0,9,8,10,0,3,17,1,0,1,1,0
0,0,0,0,9,8,11,8,2,3,2,1,2,1,0,2
0,1,0,0,0,7,5,1,0,0,3,2,0,0,2,2
0,0,0,0,0,4,13,1,0,3,2,1,2,0,0,1
1,0,0,0,7,5,1,1,0,3,2,1,0,2,2,4
0,9,8,11,0,2,3,2,0,2,1,0,0,0,0,0
0,9,8,10,0,3,17,1,0,1,1,0,0,1,0,1
9,8,11,8,2,3,2,1,2,1,0,2,0,0,0,1
0,0,0,0,0,1,0,0,0,0,2,0,0,0,2,0
0,0,0,0,0,1,1,0,0,1,0,1,0,2,0,1
0,0,0,0,1,0,0,2,0,2,0,5,0,2,0,2
0,0,0,0,0,0,0,0,0,0,3,0,0,1,0,0
0,0,0,0,0,0,0,0,0,1,0,2,0,2,0,1
0,0,0,0,0,0,0,6,0,3,0,5,1,0,0,0
0,1,0,0,0,0,2,0,0,0,2,0,0,1,0,0
0,1,1,0,0,1,0,1,0,2,0,1,0,0,0,1
1,0,0,2,0,2,0,5,0,2,0,2,1,0,0,2
0,0,0,0,0,1,3,2,0,3,3,0,0,2,4,2
0,0,0,0,0,2,4,0,2,3,4,5,4,3,0,2
0,0,0,0,1,3,2,2,3,3,0,1,2,4,2,5
0,0,1,2,0,2,3,3,0,5,8,2,0,1,1,2
0,0,1,1,0,3,6,0,1,10,4,0,1,1,3,1
0,1,2,4,2,3,3,3,5,8,2,6,1,1,2,1
0,1,3,2,0,3,3,0,0,2,4,2,0,0,1,2
0,2,4,0,2,3,4,5,4,3,0,2,1,2,1,1
1,3,2,2,3,3,0,1,2,4,2,5,0,1,2,1
0,0,0,0,0,43,48,44,0,34,32,13,0,7,3,7
0,0,0,0,27,47,52,45,23,34,20,36,1,8,4,22
0,0,0,0,43,48,44,50,34,32,13,30,7,3,7,13
0,25,30,31,0,46,48,16,0,12,10,3,0,7,1,9
25,27,31,30,26,49,32,45,5,7,7,23,0,7,7,16
25,30,31,38,46,48,16,48,12,10,3,20,7,1,9,29
0,43,48,44,0,34,32,13,0,7,3,7,0,5,1,15
27,47,52,45,23,34,20,36,1,8,4,22,6,1,6,17
43,48,44,50,34,32,13,30,7,3,7,13,5,1,15,24
0,0,0,0,0,0,0,0,0,0,1,0,0,1,0,0
0,0,0,0,0,0,0,0,0,0,0,1,0,1,0,0
0,0,0,0,0,0,0,0,0,1,0,0,1,0,0,0
0,0,0,0,0,0,0,0,0,1,1,0,0,0,0,0
0,0,0,0,0,0,0,0,0,2,0,1,1,0,0,0
0,0,0,0,0,0,0,0,1,1,0,0,0,0,0,0
0,0,0,0,0,0,1,0,0,1,0,0,0,0,0,0
0,0,0,0,0,0,0,1,0,1,0,0,0,0,0,0
0,0,0,0,0,1,0,0,1,0,0,0,0,0,0,0
0,0,0,0,0,15,19,15,0,16,21,35,0,9,5,16
0,0,0,0,12,18,15,14,13,17,32,15,6,5,5,17
0,0,0,0,15,19,15,9,16,21,35,12,9,5,16,9
0,16,18,18,0,20,27,31,0,12,12,26,0,4,2,4
13,17,17,15,17,26,23,24,12,16,12,23,2,1,5,8
16,18,18,13,20,27,31,14,12,12,26,7,4,2,4,7
0,15,19,15,0,16,21,35,0,9,5,16,0,0,3,11
12,18,15,14,13,17,32,15,6,5,5,17,6,1,5,8
15,19,15,9,16,21,35,12,9,5,16,9,0,3,11,1
0,0,0,0,0,2,0,0,0,5,3,4,0,11,2,3
0,0,0,0,3,0,1,0,6,5,14,0,5,3,2,0
0,0,0,0,2,0,0,0,5,3,4,0,11,2,3,0
0,1,0,0,0,3,2,4,0,8,4,2,0,3,0,1
1,1,1,0,5,1,3,0,7,4,5,0,6,0,2,0
1,0,0,0,3,2,4,0,8,4,2,0,3,0,1,0
0,2,0,0,0,5,3,4,0,11,2,3,0,1,1,2
3,0,1,0,6,5,14,0,5,3,2,0,4,0,1,0
2,0,0,0,5,3,4,0,11,2,3,0,1,1,2,0
0,0,0,0,0,12,9,10,0,1,1,0,0,1,1,0
0,0,0,0,18,11,5,13,6,1,0,10,0,1,2,0
0,0,0,0,12,9,10,12,1,1,0,4,1,1,0,3
0,10,12,13,0,8,6,1,0,1,1,0,0,0,3,4
1,11,10,14,12,6,3,4,0,2,0,2,0,0,0,4
10,12,13,12,8,6,1,8,1,1,0,0,0,3,4,0
0,12,9,10,0,1,1,0,0,1,1,0,0,0,0,0
18,11,5,13,6,1,0,10,0,1,2,0,0,1,0,1
12,9,10,12,1,1,0,4,1,1,0,3,0,0,0,8
0,0,0,0,0,10,6,11,0,8,9,11,0,2,3,9
0,0,0,0,23,9,5,11,20,11,1,20,8,7,6,1
0,0,0,0,10,6,11,0,8,9,11,2,2,3,9,0
0,5,4,4,0,6,7,20,0,2,5,12,0,1,4,8
15,5,3,2,22,9,1,13,10,11,1,7,2,4,9,9
5,4,4,0,6,7,20,0,2,5,12,1,1,4,8,0
0,10,6,11,0,8,9,11,0,2,3,9,0,2,2,9
23,9,5,11,20,11,1,20,8,7,6,1,3,2,10,10
10,6,11,0,8,9,11,2,2,3,9,0,2,2,9,2
0,0,0,0,0,17,28,24,0,8,26,2,0,3,7,3
0,0,0,0,4,22,23,31,3,16,6,11,2,3,6,9
0,0,0,0,17,28,24,41,8,26,2,26,3,7,3,14
0,17,22,25,0,12,25,3,0,3,9,2,0,5,8,0
11,20,22,25,3,18,10,16,3,2,3,4,2,4,1,6
17,22,25,30,12,25,3,29,3,9,2,17,5,8,0,14
0,17,28,24,0,8,26,2,0,3,7,3,0,3,6,1
4,22,23,31,3,16,6,11,2,3,6,9,2,7,1,2
17,28,24,41,8,26,2,26,3,7,3,14,3,6,1,26
0,0,0,0,0,11,9,5,0,8,3,7,0,7,11,9
0,0,0,0,6,10,10,6,6,0,25,1,3,8,6,6
0,0,0,0,11,9,5,7,8,3,7,1,7,11,9,5
0,3,3,2,0,10,5,18,0,11,11,14,0,8,4,7
2,2,3,1,7,7,24,3,7,9,10,14,9,4,5,1
3,3,2,0,10,5,18,5,11,11,14,0,8,4,7,7
0,11,9,5,0,8,3,7,0,7,11,9,0,1,7,5
6,10,10,6,6,0,25,1,3,8,6,6,4,5,9,4
11,9,5,7,8,3,7,1,7,11,9,5,1,7,5,0
0,0,0,0,0,10,8,7,0,8,10,3,0,0,9,2
0,0,0,0,3,9,12,14,0,9,0,19,0,0,3,5
0,0,0,0,10,8,7,0,8,10,3,3,0,9,2,1
0,7,10,11,0,17,8,0,0,1,1,0,0,0,5,1
6,9,12,13,1,14,0,18,0,0,1,3,1,1,8,9
7,10,11,5,17,8,0,7,1,1,0,6,0,5,1,5
0,10,8,7,0,8,10,3,0,0,9,2,0,1,3,10
3,9,12,14,0,9,0,19,0,0,3,5,0,10,3,4
10,8,7,0,8,10,3,3,0,9,2,1,1,3,10,12
0,0,0,0,0,1,0,0,0,0,1,0,0,0,0,0
0,0,0,0,0,0,0,2,0,1,0,0,0,0,0,1
0,0,0,0,1,0,0,0,0,1,0,0,0,0,0,0
0,0,0,0,0,0,0,0,0,0,0,0,0,0,0,0
0,0,0,0,0,0,0,0,0,0,1,0,0,1,0,0
0,0,0,0,0,0,0,0,0,0,0,0,0,0,0,0
0,1,0,0,0,0,1,0,0,0,0,0,0,1,0,0
0,0,0,2,0,1,0,0,0,0,0,1,1,1,0,0
1,0,0,0,0,1,0,0,0,0,0,0,1,0,0,1
0,0,0,0,0,32,29,29,0,22,23,6,0,11,6,16
0,0,0,0,24,31,30,31,21,24,9,26,11,3,13,13
0,0,0,0,32,29,29,35,22,23,6,23,11,6,16,8
0,48,49,50,0,29,27,5,0,8,5,8,0,8,10,20
34,50,47,49,25,26,22,24,5,7,8,12,1,2,16,20
48,49,50,44,29,27,5,29,8,5,8,17,8,10,20,14
0,32,29,29,0,22,23,6,0,11,6,16,0,2,5,18
24,31,30,31,21,24,9,26,11,3,13,13,1,4,8,13
32,29,29,35,22,23,6,23,11,6,16,8,2,5,18,30
0,0,0,0,0,17,25,20,0,19,27,18,0,7,15,19
0,0,0,0,32,23,20,27,30,28,7,28,13,11,5,18
0,0,0,0,17,25,20,28,19,27,18,18,7,15,19,10
0,24,26,26,0,23,31,34,0,8,17,17,0,13,5,14
24,26,25,29,37,30,19,41,12,13,11,21,8,12,4,19
24,26,26,25,23,31,34,29,8,17,17,14,13,5,14,15
0,17,25,20,0,19,27,18,0,7,15,19,0,8,4,16
32,23,20,27,30,28,7,28,13,11,5,18,3,8,8,7
17,25,20,28,19,27,18,18,7,15,19,10,8,4,16,9
0,0,0,0,0,12,16,7,0,2,8,1,0,4,0,0
0,0,0,0,0,13,14,15,0,8,17,5,1,2,0,8
0,0,0,0,12,16,7,18,2,8,1,11,4,0,0,7
0,26,25,26,0,8,15,3,0,3,2,1,0,0,1,0
4,25,25,27,0,10,13,3,0,1,6,0,0,0,4,0
26,25,26,23,8,15,3,19,3,2,1,12,0,1,0,4
0,12,16,7,0,2,8,1,0,4,0,0,0,1,2,2
0,13,14,15,0,8,17,5,1,2,0,8,0,2,2,2
12,16,7,18,2,8,1,11,4,0,0,7,1,2,2,20
0,0,0,0,0,35,44,40,0,29,37,15,0,0,9,9
0,0,0,0,25,38,40,45,24,34,21,35,6,11,3,14
0,0,0,0,35,44,40,39,29,37,15,31,0,9,9,18
0,5,7,7,0,38,49,30,0,11,26,15,0,0,4,9
4,5,8,9,27,42,48,43,11,20,13,17,7,14,2,13
5,7,7,9,38,49,30,39,11,26,15,23,0,4,9,13
0,35,44,40,0,29,37,15,0,0,9,9,0,9,5,9
25,38,40,45,24,34,21,35,6,11,3,14,6,6,3,17
35,44,40,39,29,37,15,31,0,9,9,18,9,5,9,22
0,0,0,0,0,1,3,0,0,0,0,1,0,0,0,1
0,0,0,0,0,3,2,2,0,0,13,0,0,9,0,0
0,0,0,0,1,3,0,3,0,0,1,0,0,0,1,0
0,3,6,5,0,0,0,8,0,2,0,0,0,1,0,0
1,6,6,6,0,0,0,0,0,0,8,0,0,0,0,0
3,6,5,6,0,0,8,0,2,0,0,0,1,0,0,0
0,1,3,0,0,0,0,1,0,0,0,1,0,0,0,0
0,3,2,2,0,0,13,0,0,9,0,0,0,0,0,0
1,3,0,3,0,0,1,0,0,0,1,0,0,0,0,0
0,0,0,0,0,2,5,4,0,11,10,15,0,5,2,3
0,0,0,0,0,4,4,3,12,11,15,4,7,13,7,7
0,0,0,0,2,5,4,2,11,10,15,2,5,2,3,4
0,0,0,0,0,4,7,33,0,14,16,10,0,2,7,2
0,0,0,0,9,9,17,1,16,15,4,14,8,4,4,5
0,0,0,0,4,7,33,1,14,16,10,1,2,7,2,1
0,2,5,4,0,11,10,15,0,5,2,3,0,6,2,2
0,4,4,3,12,11,15,4,7,13,7,7,1,3,2,2
2,5,4,2,11,10,15,2,5,2,3,4,6,2,2,2
0,0,0,0,0,6,5,7,0,5,7,8,0,5,4,4
0,0,0,0,4,5,5,6,2,7,6,7,2,3,4,4
0,0,0,0,6,5,7,0,5,7,8,4,5,4,4,2
0,4,6,7,0,7,6,9,0,4,7,5,0,6,3,3
3,4,7,6,5,7,7,8,2,7,13,5,2,2,2,4
4,6,7,1,7,6,9,3,4,7,5,3,6,3,3,1
0,6,5,7,0,5,7,8,0,5,4,4,0,1,1,2
4,5,5,6,2,7,6,7,2,3,4,4,1,1,0,3
6,5,7,0,5,7,8,4,5,4,4,2,1,1,2,2
0,0,0,0,0,3,3,0,0,15,9,6,0,13,6,3
0,0,0,0,12,1,0,0,15,13,9,3,9,10,3,2
0,0,0,0,3,3,0,1,15,9,6,7,13,6,3,1
0,3,5,2,0,8,8,19,0,14,8,10,0,8,8,4
7,4,4,4,14,5,5,7,11,12,2,12,7,0,4,9
3,5,2,7,8,8,19,2,14,8,10,4,8,8,4,2
0,3,3,0,0,15,9,6,0,13,6,3,0,3,3,14
12,1,0,0,15,13,9,3,9,10,3,2,6,3,6,13
3,3,0,1,15,9,6,7,13,6,3,1,3,3,14,3
0,0,0,0,0,8,12,12,0,8,10,7,0,3,4,6
0,0,0,0,7,11,11,14,4,12,8,12,2,3,4,8
0,0,0,0,8,12,12,6,8,10,7,5,3,4,6,4
0,5,11,12,0,9,15,10,0,7,7,8,0,9,1,4
13,10,10,11,4,12,10,16,4,7,8,10,1,1,2,6
5,11,12,3,9,15,10,6,7,7,8,4,9,1,4,2
0,8,12,12,0,8,10,7,0,3,4,6,0,1,1,3
7,11,11,14,4,12,8,12,2,3,4,8,1,1,2,6
8,12,12,6,8,10,7,5,3,4,6,4,1,1,3,2
0,0,0,0,0,5,3,4,0,3,2,3,0,1,11,1
0,0,0,0,4,4,4,4,1,3,3,5,1,5,1,2
0,0,0,0,5,3,4,2,3,2,3,1,1,11,1,1
0,4,3,2,0,3,2,3,0,2,2,2,0,4,1,3
17,3,3,2,2,3,2,5,1,3,2,3,0,3,1,1
4,3,2,2,3,2,3,2,2,2,2,2,4,1,3,1
0,5,3,4,0,3,2,3,0,1,11,1,0,5,1,2
4,4,4,4,1,3,3,5,1,5,1,2,6,3,0,2
5,3,4,2,3,2,3,1,1,11,1,1,5,1,2,1
0,0,0,0,0,1,0,0,0,1,0,0,0,2,1,1
0,0,0,0,0,0,0,0,1,2,0,1,1,2,1,0
0,0,0,0,1,0,0,0,1,0,0,0,2,1,1,0
0,1,1,0,0,1,0,0,0,2,1,0,0,1,0,0
0,1,1,1,2,0,0,0,1,3,0,1,1,1,0,0
1,1,0,0,1,0,0,0,2,1,0,0,1,0,0,0
0,1,0,0,0,1,0,0,0,2,1,1,0,1,0,0
0,0,0,0,1,2,0,1,1,2,1,0,1,1,0,0
1,0,0,0,1,0,0,0,2,1,1,0,1,0,0,0
0,0,0,0,0,0,0,0,0,0,0,0,0,0,0,0
0,0,0,0,3,0,0,0,2,0,0,0,0,0,0,0
0,0,0,0,0,0,0,0,0,0,0,0,0,0,0,0
0,0,0,0,0,0,0,0,0,0,0,0,0,0,1,0
8,0,0,0,3,0,0,0,2,0,0,0,0,1,1,0
0,0,0,0,0,0,0,0,0,0,0,0,0,1,0,0
0,0,0,0,0,0,0,0,0,0,0,0,0,2,0,0
3,0,0,0,2,0,0,0,0,0,0,0,0,0,0,0
0,0,0,0,0,0,0,0,0,0,0,0,2,0,0,1
0,0,0,0,0,13,12,10,0,6,4,3,0,1,0,3
0,0,0,0,8,10,11,16,5,10,6,4,1,1,2,0
0,0,0,0,13,12,10,8,6,4,3,6,1,0,3,3
0,2,1,0,0,8,4,8,0,2,3,8,0,0,0,2
5,1,1,0,5,8,6,2,1,3,2,4,1,0,1,2
2,1,0,2,8,4,8,6,2,3,8,5,0,0,2,3
0,13,12,10,0,6,4,3,0,1,0,3,0,0,0,6
8,10,11,16,5,10,6,4,1,1,2,0,6,0,0,8
13,12,10,8,6,4,3,6,1,0,3,3,0,0,6,12
0,0,0,0,0,1,2,3,0,4,5,5,0,3,3,1
0,0,0,0,3,2,3,3,3,5,6,3,1,4,2,3
0,0,0,0,1,2,3,0,4,5,5,1,3,3,1,0
0,0,0,3,0,4,4,7,0,4,5,3,0,3,2,3
2,0,1,1,4,4,3,4,2,5,2,2,1,3,2,3
0,0,3,0,4,4,7,0,4,5,3,2,3,2,3,1
0,1,2,3,0,4,5,5,0,3,3,1,0,1,1,1
3,2,3,3,3,5,6,3,1,4,2,3,1,2,1,2
1,2,3,0,4,5,5,1,3,3,1,0,1,1,1,1
0,0,0,0,0,17,13,15,0,9,16,0,0,3,0,0
0,0,0,0,5,13,8,20,0,11,11,6,1,0,0,0
0,0,0,0,17,13,15,34,9,16,0,29,3,0,0,7
0,14,8,10,0,14,10,0,0,0,3,0,0,1,0,5
13,7,7,11,0,9,1,21,0,0,7,7,0,2,0,8
14,8,10,23,14,10,0,38,0,3,0,26,1,0,5,18
0,17,13,15,0,9,16,0,0,3,0,0,0,3,0,12
5,13,8,20,0,11,11,6,1,0,0,0,0,6,0,2
17,13,15,34,9,16,0,29,3,0,0,7,3,0,12,39
0,0,0,0,0,32,35,36,0,29,31,7,0,6,0,13
0,0,0,0,17,31,36,39,14,29,11,33,6,0,0,8
0,0,0,0,32,35,36,40,29,31,7,39,6,0,13,16
0,29,28,31,0,36,40,9,0,11,11,0,0,0,1,16
9,27,30,30,19,36,36,25,4,14,0,6,0,2,2,17
29,28,31,37,36,40,9,47,11,11,0,24,0,1,16,18
0,32,35,36,0,29,31,7,0,6,0,13,0,0,0,21
17,31,36,39,14,29,11,33,6,0,0,8,0,0,0,18
32,35,36,40,29,31,7,39,6,0,13,16,0,0,21,36
0,0,0,0,0,1,3,5,0,1,7,9,0,2,6,6
0,0,0,0,0,2,6,5,0,6,7,7,1,5,5,5
0,0,0,0,1,3,5,7,1,7,9,9,2,6,6,6
0,5,6,6,0,3,7,10,0,3,8,5,0,7,4,2
1,4,6,4,0,5,8,6,0,6,5,5,1,2,3,3
5,6,6,4,3,7,10,8,3,8,5,7,7,4,2,3
0,1,3,5,0,1,7,9,0,2,6,6,0,1,1,1
0,2,6,5,0,6,7,7,1,5,5,5,0,2,1,2
1,3,5,7,1,7,9,9,2,6,6,6,1,1,1,4
0,0,0,0,0,24,29,28,0,8,15,3,0,2,0,3
0,0,0,0,6,25,32,33,2,13,1,8,1,0,0,2
0,0,0,0,24,29,28,34,8,15,3,17,2,0,3,5
0,21,23,24,0,18,20,0,0,2,2,3,0,1,0,6
0,23,25,23,5,18,9,10,6,1,0,3,0,0,1,16
21,23,24,23,18,20,0,20,2,2,3,6,1,0,6,9
0,24,29,28,0,8,15,3,0,2,0,3,0,3,0,0
6,25,32,33,2,13,1,8,1,0,0,2,4,0,0,7
24,29,28,34,8,15,3,17,2,0,3,5,3,0,0,12
0,0,0,0,0,51,58,54,0,43,47,3,0,7,0,8
0,0,0,0,30,55,64,62,26,48,21,47,5,1,0,15
0,0,0,0,51,58,54,52,43,47,3,39,7,0,8,17
0,39,43,45,0,56,61,23,0,19,18,0,0,0,0,23
23,40,44,47,30,58,45,53,9,19,0,20,0,0,2,26
39,43,45,48,56,61,23,53,19,18,0,28,0,0,23,26
0,51,58,54,0,43,47,3,0,7,0,8,0,0,1,25
30,55,64,62,26,48,21,47,5,1,0,15,1,0,4,21
51,58,54,52,43,47,3,39,7,0,8,17,0,1,25,40
0,0,0,0,0,10,9,8,0,5,2,0,0,0,0,2
0,0,0,0,7,10,8,7,3,4,0,2,0,0,1,2
0,0,0,0,10,9,8,1,5,2,0,0,0,0,2,0
0,5,5,5,0,8,5,3,0,2,0,1,0,0,0,4
4,6,5,4,5,8,3,5,0,1,0,3,1,0,1,4
5,5,5,0,8,5,3,0,2,0,1,0,0,0,4,0
0,10,9,8,0,5,2,0,0,0,0,2,0,0,0,1
7,10,8,7,3,4,0,2,0,0,1,2,0,0,0,1
10,9,8,1,5,2,0,0,0,0,2,0,0,0,1,0
0,0,0,0,0,32,36,39,0,22,36,17,0,6,12,11
0,0,0,0,22,39,35,35,11,28,24,34,5,11,11,14
0,0,0,0,32,36,39,44,22,36,17,47,6,12,11,25
0,24,29,32,0,33,43,28,0,6,20,17,0,4,8,19
17,28,31,32,15,42,49,34,4,16,18,13,4,10,6,21
24,29,32,35,33,43,28,55,6,20,17,33,4,8,19,29
0,32,36,39,0,22,36,17,0,6,12,11,0,7,6,15
22,39,35,35,11,28,24,34,5,11,11,14,9,6,4,7
32,36,39,44,22,36,17,47,6,12,11,25,7,6,15,33
0,0,0,0,0,18,12,8,0,7,6,6,0,4,4,9
0,0,0,0,24,15,12,15,16,8,3,19,5,6,2,14
0,0,0,0,18,12,8,9,7,6,6,3,4,4,9,7
0,32,28,28,0,15,12,6,0,7,5,4,0,7,1,8
28,28,28,29,21,12,8,15,9,6,4,5,6,2,4,5
32,28,28,25,15,12,6,7,7,5,4,8,7,1,8,3
0,18,12,8,0,7,6,6,0,4,4,9,0,0,2,9
24,15,12,15,16,8,3,19,5,6,2,14,3,0,3,4
18,12,8,9,7,6,6,3,4,4,9,7,0,2,9,7
0,0,0,0,0,0,0,0,0,0,0,0,0,0,1,0
0,0,0,0,0,0,0,0,0,0,0,0,0,0,0,0
0,0,0,0,0,0,0,0,0,0,0,0,0,1,0,0
0,0,0,0,0,0,0,0,0,0,0,0,0,0,0,0
0,0,0,0,0,0,0,0,0,0,0,0,0,2,0,0
0,0,0,0,0,0,0,0,0,0,0,0,0,0,0,0
0,0,0,0,0,0,0,0,0,0,1,0,0,1,0,0
0,0,0,0,0,0,0,0,0,0,0,0,0,0,0,0
0,0,0,0,0,0,0,0,0,1,0,0,1,0,0,0
0,0,0,0,0,0,2,1,0,5,5,11,0,5,7,5
0,0,0,0,1,1,2,2,12,1,1,11,4,3,1,3
0,0,0,0,0,2,1,0,5,5,11,0,5,7,5,0
0,0,2,3,0,0,0,0,0,0,6,3,0,6,5,0
8,2,3,2,7,0,1,0,3,4,0,7,1,8,4,1
0,2,3,2,0,0,0,0,0,6,3,0,6,5,0,0
0,0,2,1,0,5,5,11,0,5,7,5,0,3,3,9
1,1,2,2,12,1,1,11,4,3,1,3,2,6,2,0
0,2,1,0,5,5,11,0,5,7,5,0,3,3,9,0
0,0,0,0,0,25,30,36,0,32,41,12,0,3,9,12
0,0,0,0,12,28,34,34,21,40,0,43,5,9,3,13
0,0,0,0,25,30,36,44,32,41,12,37,3,9,12,19
0,13,14,16,0,35,45,27,0,6,15,12,0,0,0,19
0,16,16,16,19,41,41,39,13,21,4,18,1,10,0,20
13,14,16,26,35,45,27,43,6,15,12,25,0,0,19,14
0,25,30,36,0,32,41,12,0,3,9,12,0,6,2,10
12,28,34,34,21,40,0,43,5,9,3,13,1,0,1,13
25,30,36,44,32,41,12,37,3,9,12,19,6,2,10,28
0,0,0,0,0,64,61,64,0,59,61,20,0,16,26,18
0,0,0,0,50,64,61,68,44,60,36,63,13,19,15,31
0,0,0,0,64,61,64,61,59,61,20,51,16,26,18,27
0,40,42,45,0,72,70,45,0,34,32,16,0,18,7,30
33,40,44,46,53,70,60,79,20,34,20,38,7,9,15,32
40,42,45,42,72,70,45,63,34,32,16,41,18,7,30,28
0,64,61,64,0,59,61,20,0,16,26,18,0,9,11,29
50,64,61,68,44,60,36,63,13,19,15,31,8,10,11,30
64,61,64,61,59,61,20,51,16,26,18,27,9,11,29,42
0,0,0,0,0,0,4,8,0,2,10,7,0,1,6,0
0,0,0,0,0,3,6,5,0,6,13,0,0,6,0,0
0,0,0,0,0,4,8,15,2,10,7,14,1,6,0,0
0,0,0,0,0,0,8,5,0,0,3,0,0,0,0,0
0,0,0,0,0,6,19,6,0,1,0,1,3,11,0,0
0,0,0,0,0,8,5,12,0,3,0,6,0,0,0,2
0,0,4,8,0,2,10,7,0,1,6,0,0,9,3,2
0,3,6,5,0,6,13,0,0,6,0,0,8,3,4,7
0,4,8,15,2,10,7,14,1,6,0,0,9,3,2,12
0,0,0,0,0,1,1,1,0,3,4,6,0,7,5,3
0,0,0,0,1,0,0,0,1,3,7,5,2,4,5,5
0,0,0,0,1,1,1,1,3,4,6,0,7,5,3,2
0,6,5,5,0,2,1,5,0,5,5,4,0,2,3,2
5,7,6,3,1,1,1,1,3,5,5,6,1,1,2,2
6,5,5,1,2,1,5,0,5,5,4,2,2,3,2,2
0,1,1,1,0,3,4,6,0,7,5,3,0,1,1,0
1,0,0,0,1,3,7,5,2,4,5,5,0,1,0,0
1,1,1,1,3,4,6,0,7,5,3,2,1,1,0,0
0,0,0,0,0,45,42,37,0,38,24,6,0,15,0,12
0,0,0,0,29,42,42,44,30,32,4,41,10,6,0,15
0,0,0,0,45,42,37,36,38,24,6,22,15,0,12,10
0,37,38,41,0,48,42,4,0,17,13,0,0,1,2,25
16,37,40,40,33,44,34,39,14,18,0,22,1,1,2,28
37,38,41,43,48,42,4,30,17,13,0,16,1,2,25,15
0,45,42,37,0,38,24,6,0,15,0,12,0,1,0,21
29,42,42,44,30,32,4,41,10,6,0,15,0,0,4,20
45,42,37,36,38,24,6,22,15,0,12,10,1,0,21,22
0,0,0,0,0,8,8,7,0,7,7,7,0,2,3,3
0,0,0,0,1,7,8,8,2,8,7,7,0,3,2,4
0,0,0,0,8,8,7,8,7,7,7,6,2,3,3,4
0,5,6,5,0,9,10,13,0,5,6,4,0,2,2,2
1,6,5,5,3,9,8,10,2,6,2,6,0,2,1,4
5,6,5,6,9,10,13,9,5,6,4,5,2,2,2,5
0,8,8,7,0,7,7,7,0,2,3,3,0,1,0,3
1,7,8,8,2,8,7,7,0,3,2,4,0,1,1,3
8,8,7,8,7,7,7,6,2,3,3,4,1,0,3,3
0,0,0,0,0,62,78,82,0,55,57,22,0,10,17,14
0,0,0,0,28,75,81,75,23,60,27,60,5,7,16,19
0,0,0,0,62,78,82,78,55,57,22,64,10,17,14,27
0,33,43,45,0,64,73,38,0,16,25,10,0,8,15,25
14,41,45,44,27,74,68,64,10,21,10,27,0,24,14,32
33,43,45,44,64,73,38,73,16,25,10,39,8,15,25,32
0,62,78,82,0,55,57,22,0,10,17,14,0,21,14,21
28,75,81,75,23,60,27,60,5,7,16,19,12,14,11,27
62,78,82,78,55,57,22,64,10,17,14,27,21,14,21,47
0,0,0,0,0,3,0,0,0,10,5,0,0,1,20,0
0,0,0,0,3,0,2,0,7,4,0,0,0,0,0,0
0,0,0,0,3,0,0,16,10,5,0,11,1,20,0,2
0,0,0,0,0,7,4,1,0,0,1,11,0,17,1,4
5,0,0,0,4,0,14,5,0,0,6,12,0,21,0,5
0,0,0,3,7,4,1,19,0,1,11,10,17,1,4,9
0,3,0,0,0,10,5,0,0,1,20,0,0,18,6,9
3,0,2,0,7,4,0,0,0,0,0,0,12,14,2,1
3,0,0,16,10,5,0,11,1,20,0,2,18,6,9,20
0,0,0,0,0,5,6,7,0,3,3,12,0,2,2,3
0,0,0,0,3,8,6,7,2,4,2,5,2,2,2,3
0,0,0,0,5,6,7,1,3,3,12,1,2,2,3,0
0,4,5,6,0,4,5,3,0,2,3,1,0,1,1,3
3,5,5,4,3,6,4,7,2,4,1,4,1,1,0,2
4,5,6,1,4,5,3,2,2,3,1,1,1,1,3,0
0,5,6,7,0,3,3,12,0,2,2,3,0,1,1,1
3,8,6,7,2,4,2,5,2,2,2,3,1,1,0,2
5,6,7,1,3,3,12,1,2,2,3,0,1,1,1,1
0,0,0,0,0,0,2,1,0,0,3,2,0,0,2,1
0,0,0,0,0,2,1,3,0,3,3,3,0,1,0,1
0,0,0,0,0,2,1,2,0,3,2,0,0,2,1,0
0,2,4,5,0,0,3,1,0,0,0,3,0,0,0,2
1,3,3,5,0,3,2,4,0,1,2,2,0,0,0,2
2,4,5,3,0,3,1,1,0,0,3,0,0,0,2,1
0,0,2,1,0,0,3,2,0,0,2,1,0,0,0,0
0,2,1,3,0,3,3,3,0,1,0,1,0,0,0,0
0,2,1,2,0,3,2,0,0,2,1,0,0,0,0,0
0,0,0,0,0,44,51,43,0,43,51,5,0,17,3,11
0,0,0,0,19,46,51,47,25,50,41,52,14,15,3,12
0,0,0,0,44,51,43,58,43,51,5,52,17,3,11,26
0,23,25,25,0,48,60,16,0,15,27,7,0,7,6,21
9,24,24,27,24,52,55,49,13,22,6,22,7,7,2,25
23,25,25,40,48,60,16,63,15,27,7,34,7,6,21,27
0,44,51,43,0,43,51,5,0,17,3,11,0,1,2,21
19,46,51,47,25,50,41,52,14,15,3,12,15,0,1,16
44,51,43,58,43,51,5,52,17,3,11,26,1,2,21,40
0,0,0,0,0,36,42,49,0,30,37,11,0,7,2,6
0,0,0,0,27,43,48,47,28,38,9,25,7,5,5,10
0,0,0,0,36,42,49,41,30,37,11,29,7,2,6,12
0,21,27,29,0,39,46,30,0,8,19,8,0,0,5,20
22,26,29,27,31,46,42,40,9,15,1,21,3,0,7,24
21,27,29,23,39,46,30,37,8,19,8,16,0,5,20,18
0,36,42,49,0,30,37,11,0,7,2,6,0,1,0,17
27,43,48,47,28,38,9,25,7,5,5,10,3,1,4,11
36,42,49,41,30,37,11,29,7,2,6,12,1,0,17,27
0,0,0,0,0,19,25,25,0,12,26,0,0,0,0,2
0,0,0,0,0,24,24,26,0,22,20,13,0,8,0,5
0,0,0,0,19,25,25,22,12,26,0,20,0,0,2,9
0,17,21,19,0,15,26,0,0,4,13,0,0,1,1,3
0,18,20,22,0,23,25,17,0,7,11,3,1,0,2,6
17,21,19,21,15,26,0,23,4,13,0,14,1,1,3,7
0,19,25,25,0,12,26,0,0,0,0,2,0,0,0,0
0,24,24,26,0,22,20,13,0,8,0,5,0,0,0,7
19,25,25,22,12,26,0,20,0,0,2,9,0,0,0,15
0,0,0,0,0,5,0,1,0,4,1,0,0,0,0,1
0,0,0,0,3,3,1,5,1,4,0,0,0,0,0,1
0,0,0,0,5,0,1,0,4,1,0,1,0,0,1,0
0,3,0,0,0,5,3,3,0,1,0,0,0,3,0,0
2,1,0,1,1,4,1,4,1,1,0,2,4,0,0,1
3,0,0,0,5,3,3,2,1,0,0,1,3,0,0,0
0,5,0,1,0,4,1,0,0,0,0,1,0,1,0,0
3,3,1,5,1,4,0,0,0,0,0,1,3,0,1,3
5,0,1,0,4,1,0,1,0,0,1,0,1,0,0,0
0,0,0,0,0,2,0,0,0,2,1,0,0,0,1,0
0,0,0,0,0,1,0,0,1,2,2,0,0,0,0,0
0,0,0,0,2,0,0,1,2,1,0,0,0,1,0,0
0,0,0,0,0,3,1,1,0,2,1,0,0,0,1,0
0,0,0,0,1,2,2,1,1,1,6,0,0,1,0,0
0,0,0,0,3,1,1,0,2,1,0,0,0,1,0,0
0,2,0,0,0,2,1,0,0,0,1,0,0,1,1,1
0,1,0,0,1,2,2,0,0,0,0,0,1,1,1,1
2,0,0,1,2,1,0,0,0,1,0,0,1,1,1,0
0,0,0,0,0,3,4,4,0,1,0,6,0,1,0,2
0,0,0,0,3,3,3,2,3,3,5,1,0,0,3,0
0,0,0,0,3,4,4,2,1,0,6,3,1,0,2,1
0,3,4,3,0,3,3,12,0,2,0,2,0,0,9,2
1,4,3,2,4,3,2,0,1,2,3,0,0,1,2,0
3,4,3,3,3,3,12,0,2,0,2,1,0,9,2,2
0,3,4,4,0,1,0,6,0,1,0,2,0,0,2,1
3,3,3,2,3,3,5,1,0,0,3,0,0,7,2,0
3,4,4,2,1,0,6,3,1,0,2,1,0,2,1,2
0,0,0,0,0,0,0,0,0,0,0,0,0,0,0,0
0,0,0,0,0,0,0,0,0,0,1,0,0,0,0,0
0,0,0,0,0,0,0,2,0,0,0,2,0,0,0,1
0,3,3,2,0,0,0,0,0,0,0,1,0,0,1,0
1,3,3,2,0,0,0,0,0,0,0,0,0,2,0,0
3,3,2,3,0,0,0,0,0,0,1,1,0,1,0,0
0,0,0,0,0,0,0,0,0,0,0,0,0,1,0,0
0,0,0,0,0,0,1,0,0,0,0,0,0,1,0,0
0,0,0,2,0,0,0,2,0,0,0,1,1,0,0,1
0,0,0,0,0,2,0,4,0,2,0,0,0,2,0,1
0,0,0,0,0,1,0,3,1,1,2,4,0,1,0,1
0,0,0,0,2,0,4,0,2,0,0,0,2,0,1,0
0,5,3,3,0,2,0,0,0,2,0,0,0,1,0,5
1,3,2,4,0,0,6,0,3,2,1,2,2,0,1,2
5,3,3,0,2,0,0,0,2,0,0,0,1,0,5,0
0,2,0,4,0,2,0,0,0,2,0,1,0,0,0,1
0,1,0,3,1,1,2,4,0,1,0,1,0,0,0,0
2,0,4,0,2,0,0,0,2,0,1,0,0,0,1,0
0,0,0,0,0,0,0,0,0,0,0,0,0,1,9,0
0,0,0,0,0,0,0,0,0,0,1,0,0,0,1,3
0,0,0,0,0,0,0,0,0,0,0,0,1,9,0,0
0,0,0,1,0,0,0,3,0,5,3,3,0,6,2,0
0,0,0,1,0,0,0,0,5,3,1,0,1,0,5,2
0,0,1,3,0,0,3,0,5,3,3,0,6,2,0,0
0,0,0,0,0,0,0,0,0,1,9,0,0,0,7,0
0,0,0,0,0,0,1,0,0,0,1,3,3,4,6,0
0,0,0,0,0,0,0,0,1,9,0,0,0,7,0,0
0,0,0,0,0,3,4,4,0,0,0,26,0,0,10,10
0,0,0,0,4,3,5,2,0,0,5,0,1,2,9,0
0,0,0,0,3,4,4,2,0,0,26,0,0,10,10,0
0,2,2,3,0,0,0,12,0,0,0,9,0,0,5,3
1,2,3,2,1,0,0,0,0,0,4,0,6,15,10,1
2,2,3,1,0,0,12,0,0,0,9,0,0,5,3,0
0,3,4,4,0,0,0,26,0,0,10,10,0,8,2,0
4,3,5,2,0,0,5,0,1,2,9,0,5,5,6,0
3,4,4,2,0,0,26,0,0,10,10,0,8,2,0,0
0,0,0,0,0,8,1,5,0,13,1,18,0,10,8,13
0,0,0,0,13,3,0,9,9,10,1,17,8,4,9,11
0,0,0,0,8,1,5,0,13,1,18,2,10,8,13,3
0,3,4,4,0,11,0,15,0,14,10,7,0,5,9,15
0,3,3,5,16,9,0,11,7,11,5,12,5,2,12,15
3,4,4,3,11,0,15,2,14,10,7,3,5,9,15,2
0,8,1,5,0,13,1,18,0,10,8,13,0,5,5,6
13,3,0,9,9,10,1,17,8,4,9,11,2,6,12,10
8,1,5,0,13,1,18,2,10,8,13,3,5,5,6,1
0,0,0,0,0,11,14,11,0,22,24,15,0,6,13,6
0,0,0,0,4,13,12,12,9,21,26,15,5,8,2,7
0,0,0,0,11,14,11,12,22,24,15,14,6,13,6,3
0,10,13,12,0,22,23,26,0,13,12,15,0,10,8,6
12,12,11,13,10,24,31,23,11,15,0,15,5,17,7,9
10,13,12,10,22,23,26,12,13,12,15,2,10,8,6,4
0,11,14,11,0,22,24,15,0,6,13,6,0,12,1,6
4,13,12,12,9,21,26,15,5,8,2,7,7,8,6,5
11,14,11,12,22,24,15,14,6,13,6,3,12,1,6,0
0,0,0,0,0,35,46,39,0,12,27,5,0,1,2,4
0,0,0,0,1,47,44,37,3,17,20,24,0,1,1,14
0,0,0,0,35,46,39,53,12,27,5,32,1,2,4,18
0,41,51,52,0,27,38,5,0,3,10,1,0,1,2,9
15,48,52,52,3,33,28,15,1,4,2,3,1,5,2,9
41,51,52,59,27,38,5,42,3,10,1,26,1,2,9,22
0,35,46,39,0,12,27,5,0,1,2,4,0,6,0,6
1,47,44,37,3,17,20,24,0,1,1,14,2,0,1,11
35,46,39,53,12,27,5,32,1,2,4,18,6,0,6,34
0,0,0,0,0,0,0,1,0,0,0,1,0,0,0,0
0,0,0,0,0,0,1,0,0,0,1,1,0,0,0,0
0,0,0,0,0,0,1,0,0,0,1,0,0,0,0,0
0,0,0,0,0,0,0,0,0,0,0,0,0,0,0,0
0,0,0,0,0,0,0,0,0,0,0,0,1,0,0,0
0,0,0,0,0,0,0,0,0,0,0,0,0,0,0,0
0,0,0,1,0,0,0,1,0,0,0,0,0,0,0,0
0,0,1,0,0,0,1,1,0,0,0,0,0,0,0,0
0,0,1,0,0,0,1,0,0,0,0,0,0,0,0,0
0,0,0,0,0,41,48,43,0,29,25,6,0,4,8,7
0,0,0,0,8,47,45,47,4,25,20,29,2,7,4,13
0,0,0,0,41,48,43,49,29,25,6,32,4,8,7,16
0,31,35,38,0,39,39,12,0,10,11,3,0,5,7,15
11,34,35,37,7,38,40,26,0,3,9,7,2,5,5,17
31,35,38,41,39,39,12,39,10,11,3,24,5,7,15,20
0,41,48,43,0,29,25,6,0,4,8,7,0,5,1,2
8,47,45,47,4,25,20,29,2,7,4,13,4,1,0,11
41,48,43,49,29,25,6,32,4,8,7,16,5,1,2,33
0,0,0,0,0,29,29,37,0,31,22,7,0,6,5,0
0,0,0,0,20,26,35,31,22,30,2,24,6,6,0,0
0,0,0,0,29,29,37,34,31,22,7,27,6,5,0,8
0,13,18,18,0,32,30,22,0,8,9,0,0,6,4,13
17,15,18,20,26,33,24,28,8,4,0,18,0,4,0,23
13,18,18,24,32,30,22,36,8,9,0,16,6,4,13,16
0,29,29,37,0,31,22,7,0,6,5,0,0,7,1,21
20,26,35,31,22,30,2,24,6,6,0,0,8,2,2,11
29,29,37,34,31,22,7,27,6,5,0,8,7,1,21,26
0,0,0,0,0,1,0,1,0,0,3,0,0,0,4,0
0,0,0,0,0,0,0,0,0,1,0,0,0,0,0,0
0,0,0,0,1,0,1,2,0,3,0,5,0,4,0,2
0,0,0,0,0,1,0,0,0,0,1,0,0,0,0,0
1,0,0,0,0,1,1,0,0,1,0,0,0,7,0,0
0,0,0,1,1,0,0,2,0,1,0,3,0,0,0,1
0,1,0,1,0,0,3,0,0,0,4,0,0,7,2,1
0,0,0,0,0,1,0,0,0,0,0,0,6,2,0,1
1,0,1,2,0,3,0,5,0,4,0,2,7,2,1,3
0,0,0,0,0,4,3,5,0,2,3,4,0,0,5,0
0,0,0,0,2,4,5,4,0,2,2,3,0,0,1,0
0,0,0,0,4,3,5,2,2,3,4,0,0,5,0,0
0,6,6,7,0,2,2,4,0,0,1,0,0,12,0,0
6,7,6,3,0,2,3,4,0,0,1,1,0,10,2,0
6,6,7,5,2,2,4,1,0,1,0,0,12,0,0,1
0,4,3,5,0,2,3,4,0,0,5,0,0,3,1,1
2,4,5,4,0,2,2,3,0,0,1,0,11,1,3,2
4,3,5,2,2,3,4,0,0,5,0,0,3,1,1,1
0,0,0,0,0,1,0,0,0,0,0,0,0,0,0,0
0,0,0,0,2,0,0,1,0,0,0,0,0,0,0,0
0,0,0,0,1,0,0,0,0,0,0,0,0,0,0,0
0,3,1,0,0,0,0,0,0,0,0,0,0,1,0,0
2,2,0,1,0,0,0,0,0,0,0,0,0,6,0,0
3,1,0,0,0,0,0,0,0,0,0,0,1,0,0,0
0,1,0,0,0,0,0,0,0,0,0,0,0,7,0,0
2,0,0,1,0,0,0,0,0,0,0,0,1,4,0,0
1,0,0,0,0,0,0,0,0,0,0,0,7,0,0,0
0,0,0,0,0,0,2,0,0,2,0,3,0,1,11,0
0,0,0,0,0,0,1,2,1,1,0,0,0,0,0,0
0,0,0,0,0,2,0,0,2,0,3,0,1,11,0,0
0,0,0,0,0,1,0,0,0,1,0,0,0,9,1,0
0,0,0,0,0,0,0,0,0,0,0,0,0,15,1,1
0,0,0,0,1,0,0,0,1,0,0,0,9,1,0,0
0,0,2,0,0,2,0,3,0,1,11,0,0,12,0,1
0,0,1,2,1,1,0,0,0,0,0,0,10,4,1,0
0,2,0,0,2,0,3,0,1,11,0,0,12,0,1,0
0,0,0,0,0,16,13,17,0,16,20,7,0,3,2,5
0,0,0,0,0,15,17,17,1,16,7,11,3,7,4,9
0,0,0,0,16,13,17,22,16,20,7,18,3,2,5,6
0,11,6,8,0,21,19,0,0,6,5,2,0,3,0,3
2,9,9,11,0,17,22,13,2,4,0,0,2,14,1,6
11,6,8,14,21,19,0,24,6,5,2,14,3,0,3,7
0,16,13,17,0,16,20,7,0,3,2,5,0,4,0,9
0,15,17,17,1,16,7,11,3,7,4,9,4,0,0,16
16,13,17,22,16,20,7,18,3,2,5,6,4,0,9,21
0,0,0,0,0,50,57,52,0,32,42,3,0,10,5,8
0,0,0,0,6,53,62,63,0,35,25,31,0,4,0,15
0,0,0,0,50,57,52,64,32,42,3,37,10,5,8,20
0,28,28,29,0,44,51,4,0,14,18,1,0,0,1,14
10,27,32,33,0,47,44,38,3,11,0,9,0,0,8,21
28,28,29,40,44,51,4,49,14,18,1,29,0,1,14,21
0,50,57,52,0,32,42,3,0,10,5,8,0,0,1,9
6,53,62,63,0,35,25,31,0,4,0,15,0,0,4,20
50,57,52,64,32,42,3,37,10,5,8,20,0,1,9,44
0,0,0,0,0,34,33,31,0,32,26,3,0,4,0,5
0,0,0,0,28,30,34,30,26,33,0,31,4,0,0,7
0,0,0,0,34,33,31,13,32,26,3,18,4,0,5,2
0,15,11,11,0,38,35,15,0,11,9,0,0,0,0,12
14,11,12,10,31,36,19,44,10,17,0,22,2,0,0,14
15,11,11,5,38,35,15,21,11,9,0,9,0,0,12,8
0,34,33,31,0,32,26,3,0,4,0,5,0,0,0,19
28,30,34,30,26,33,0,31,4,0,0,7,0,0,0,15
34,33,31,13,32,26,3,18,4,0,5,2,0,0,19,9
0,0,0,0,0,27,28,22,0,24,30,0,0,3,11,13
0,0,0,0,24,29,27,28,21,30,0,32,5,6,3,13
0,0,0,0,27,28,22,44,24,30,0,38,3,11,13,18
0,20,20,19,0,31,38,5,0,0,12,9,0,0,1,16
13,20,20,22,25,33,32,41,8,10,0,13,0,13,0,17
20,20,19,32,31,38,5,46,0,12,9,22,0,1,16,26
0,27,28,22,0,24,30,0,0,3,11,13,0,0,0,15
24,29,27,28,21,30,0,32,5,6,3,13,0,0,0,3
27,28,22,44,24,30,0,38,3,11,13,18,0,0,15,26
0,0,0,0,0,5,6,6,0,3,6,5,0,2,3,1
0,0,0,0,4,5,4,6,3,6,8,5,2,3,3,5
0,0,0,0,5,6,6,6,3,6,5,6,2,3,1,5
0,3,5,4,0,5,7,6,0,4,4,2,0,1,2,2
2,4,4,5,5,7,5,7,2,4,5,5,1,2,2,2
3,5,4,5,5,7,6,6,4,4,2,4,1,2,2,3
0,5,6,6,0,3,6,5,0,2,3,1,0,0,2,3
4,5,4,6,3,6,8,5,2,3,3,5,0,1,2,2
5,6,6,6,3,6,5,6,2,3,1,5,0,2,3,2
0,0,0,0,0,3,5,4,0,6,5,10,0,2,3,4
0,0,0,0,5,5,5,5,8,7,6,5,4,3,2,2
0,0,0,0,3,5,4,12,6,5,10,6,2,3,4,6
0,14,12,11,0,6,8,4,0,4,5,4,0,1,1,2
20,10,11,13,7,7,6,6,2,4,5,3,1,2,2,3
14,12,11,23,6,8,4,9,4,5,4,5,1,1,2,5
0,3,5,4,0,6,5,10,0,2,3,4,0,1,1,3
5,5,5,5,8,7,6,5,4,3,2,2,0,1,0,1
3,5,4,12,6,5,10,6,2,3,4,6,1,1,3,9
0,0,0,0,0,7,7,11,0,0,0,3,0,0,0,2
0,0,0,0,5,8,8,7,2,2,0,2,0,0,1,2
0,0,0,0,7,7,11,6,0,0,3,1,0,0,2,1
0,4,2,3,0,5,6,7,0,0,0,1,0,0,1,1
3,4,1,3,4,7,6,4,0,0,1,2,1,0,1,2
4,2,3,2,5,6,7,4,0,0,1,0,0,1,1,1
0,7,7,11,0,0,0,3,0,0,0,2,0,0,0,0
5,8,8,7,2,2,0,2,0,0,1,2,0,0,0,0
7,7,11,6,0,0,3,1,0,0,2,1,0,0,0,1
0,0,0,0,0,0,0,0,0,0,0,0,0,0,0,0
0,0,0,0,0,0,0,0,0,0,0,0,0,0,0,0
0,0,0,0,0,0,0,0,0,0,0,0,0,0,0,0
0,0,0,0,0,0,0,0,0,0,0,0,0,0,0,0
0,0,0,0,0,0,0,0,0,0,0,0,0,0,0,0
0,0,0,0,0,0,0,0,0,0,0,0,0,0,0,0
0,0,0,0,0,0,0,0,0,0,0,0,0,0,0,0
0,0,0,0,0,0,0,0,0,0,0,0,0,0,0,0
0,0,0,0,0,0,0,0,0,0,0,0,0,0,0,0
0,0,0,0,0,21,18,17,0,22,19,2,0,7,1,1
0,0,0,0,16,19,25,19,21,19,12,12,6,0,0,2
0,0,0,0,21,18,17,24,22,19,2,24,7,1,1,9
0,17,14,15,0,27,28,2,0,8,6,3,0,0,0,7
13,15,15,15,18,24,30,16,4,8,0,6,1,0,1,1
17,14,15,23,27,28,2,25,8,6,3,17,0,0,7,12
0,21,18,17,0,22,19,2,0,7,1,1,0,0,1,10
16,19,25,19,21,19,12,12,6,0,0,2,0,0,1,10
21,18,17,24,22,19,2,24,7,1,1,9,0,1,10,26
0,0,0,0,0,1,2,0,0,1,0,14,0,2,0,3
0,0,0,0,3,0,1,0,2,0,5,0,1,9,0,0
0,0,0,0,1,2,0,0,1,0,14,0,2,0,3,0
0,0,0,0,0,2,0,0,0,4,0,0,0,0,0,0
1,0,1,0,3,0,0,0,4,0,2,0,6,6,1,0
0,0,0,0,2,0,0,0,4,0,0,0,0,0,0,0
0,1,2,0,0,1,0,14,0,2,0,3,0,7,1,0
3,0,1,0,2,0,5,0,1,9,0,0,0,3,3,0
1,2,0,0,1,0,14,0,2,0,3,0,7,1,0,0
0,0,0,0,0,32,40,38,0,28,35,5,0,6,8,1
0,0,0,0,10,41,39,47,13,32,26,34,4,8,4,14
0,0,0,0,32,40,38,52,28,35,5,44,6,8,1,21
0,25,31,33,0,36,41,17,0,11,21,6,0,4,8,15
5,29,31,34,16,42,48,34,9,15,7,20,3,10,2,17
25,31,33,43,36,41,17,53,11,21,6,32,4,8,15,28
0,32,40,38,0,28,35,5,0,6,8,1,0,5,2,11
10,41,39,47,13,32,26,34,4,8,4,14,3,5,2,14
32,40,38,52,28,35,5,44,6,8,1,21,5,2,11,32
0,0,0,0,0,0,0,0,0,0,0,2,0,0,0,0
0,0,0,0,0,0,0,0,1,0,0,0,0,0,0,0
0,0,0,0,0,0,0,0,0,0,2,0,0,0,0,0
0,0,0,0,0,0,0,0,0,0,0,1,0,0,0,0
0,0,0,0,0,0,0,0,0,0,0,0,1,0,0,0
0,0,0,0,0,0,0,0,0,0,1,0,0,0,0,0
0,0,0,0,0,0,0,2,0,0,0,0,0,0,0,0
0,0,0,0,1,0,0,0,0,0,0,0,0,0,0,1
0,0,0,0,0,0,2,0,0,0,0,0,0,0,0,0
0,0,0,0,0,7,5,0,0,7,7,3,0,3,10,5
0,0,0,0,3,5,1,4,3,5,5,5,3,6,1,4
0,0,0,0,7,5,0,0,7,7,3,3,3,10,5,0
0,4,3,2,0,7,7,5,0,5,3,2,0,12,1,3
6,3,3,4,3,8,7,4,3,3,12,3,2,20,0,3
4,3,2,0,7,7,5,2,5,3,2,2,12,1,3,1
0,7,5,0,0,7,7,3,0,3,10,5,0,14,3,0
3,5,1,4,3,5,5,5,3,6,1,4,12,4,0,0
7,5,0,0,7,7,3,3,3,10,5,0,14,3,0,1
0,0,0,0,0,0,0,0,0,0,1,0,0,0,0,0
0,0,0,0,0,0,0,0,0,0,0,0,0,0,0,0
0,0,0,0,0,0,0,0,0,1,0,1,0,0,0,0
0,4,4,5,0,0,0,0,0,0,0,0,0,0,0,0
0,3,6,5,0,0,0,0,0,0,0,0,0,0,0,0
4,4,5,9,0,0,0,3,0,0,0,0,0,0,0,0
0,0,0,0,0,0,1,0,0,0,0,0,0,0,0,0
0,0,0,0,0,0,0,0,0,0,0,0,0,0,0,0
0,0,0,0,0,1,0,1,0,0,0,0,0,0,0,13
0,0,0,0,0,4,2,6,0,12,12,0,0,0,13,0
0,0,0,0,2,3,13,3,10,10,0,9,1,0,0,0
0,0,0,0,4,2,6,16,12,12,0,12,0,13,0,6
0,0,0,0,0,11,9,0,0,2,2,0,0,2,0,0
1,0,0,0,7,8,2,8,3,3,0,6,0,10,0,0
0,0,0,7,11,9,0,13,2,2,0,9,2,0,0,5
0,4,2,6,0,12,12,0,0,0,13,0,0,13,4,4
2,3,13,3,10,10,0,9,1,0,0,0,7,9,1,12
4,2,6,16,12,12,0,12,0,13,0,6,13,4,4,6
0,0,0,0,0,26,25,31,0,21,25,23,0,11,6,16
0,0,0,0,29,27,24,25,20,31,27,27,9,14,14,8
0,0,0,0,26,25,31,13,21,25,23,20,11,6,16,11
0,14,15,15,0,28,25,41,0,16,20,17,0,6,11,20
9,16,17,10,30,33,31,32,15,25,14,19,6,7,9,17
14,15,15,3,28,25,41,16,16,20,17,10,6,11,20,8
0,26,25,31,0,21,25,23,0,11,6,16,0,7,7,12
29,27,24,25,20,31,27,27,9,14,14,8,12,5,5,13
26,25,31,13,21,25,23,20,11,6,16,11,7,7,12,2
0,0,0,0,0,18,16,12,0,9,14,16,0,4,3,6
0,0,0,0,16,15,12,18,9,13,17,10,1,6,0,5
0,0,0,0,18,16,12,2,9,14,16,3,4,3,6,2
0,15,9,9,0,17,13,22,0,7,9,7,0,0,0,1
19,11,8,10,14,18,13,19,4,12,4,9,3,0,0,6
15,9,9,0,17,13,22,2,7,9,7,3,0,0,1,2
0,18,16,12,0,9,14,16,0,4,3,6,0,0,0,5
16,15,12,18,9,13,17,10,1,6,0,5,0,0,0,5
18,16,12,2,9,14,16,3,4,3,6,2,0,0,5,0
0,0,0,0,0,2,5,3,0,0,3,1,0,1,2,2
0,0,0,0,0,5,4,4,1,1,2,2,0,0,1,3
0,0,0,0,2,5,3,5,0,3,1,1,1,2,2,1
0,2,4,4,0,3,5,1,0,0,1,1,0,1,2,2
1,4,4,5,1,5,4,3,0,1,0,1,1,2,0,2
2,4,4,3,3,5,1,2,0,1,1,0,1,2,2,2
0,2,5,3,0,0,3,1,0,1,2,2,0,1,1,1
0,5,4,4,1,1,2,2,0,0,1,3,0,1,1,1
2,5,3,5,0,3,1,1,1,2,2,1,1,1,1,1
0,0,0,0,0,0,2,0,0,0,0,0,0,0,0,0
0,0,0,0,0,0,2,0,0,0,0,4,0,0,0,0
0,0,0,0,0,2,0,0,0,0,0,0,0,0,0,1
0,0,1,0,0,0,2,2,0,2,3,3,0,0,0,2
0,0,1,1,0,0,6,4,0,1,0,0,0,0,0,1
0,1,0,0,0,2,2,0,2,3,3,0,0,0,2,0
0,0,2,0,0,0,0,0,0,0,0,0,0,1,0,0
0,0,2,0,0,0,0,4,0,0,0,0,0,0,0,0
0,2,0,0,0,0,0,0,0,0,0,1,1,0,0,0
0,0,0,0,0,1,2,1,0,2,4,5,0,2,3,4
0,0,0,0,3,2,2,1,3,2,4,6,3,2,3,4
0,0,0,0,1,2,1,2,2,4,5,3,2,3,4,3
0,4,7,7,0,2,3,4,0,3,5,3,0,1,1,3
4,6,7,6,5,2,3,4,3,4,4,6,1,1,2,1
4,7,7,5,2,3,4,4,3,5,3,3,1,1,3,2
0,1,2,1,0,2,4,5,0,2,3,4,0,0,0,0
3,2,2,1,3,2,4,6,3,2,3,4,3,0,0,0
1,2,1,2,2,4,5,3,2,3,4,3,0,0,0,1
0,0,0,0,0,0,0,0,0,0,0,0,0,5,1,0
0,0,0,0,0,0,0,0,0,0,0,0,2,1,1,2
0,0,0,0,0,0,0,1,0,0,0,0,5,1,0,0
0,2,4,2,0,0,0,0,0,5,0,0,0,0,0,0
1,4,3,2,0,0,0,0,0,2,10,4,0,0,1,0
2,4,2,2,0,0,0,1,5,0,0,1,0,0,0,0
0,0,0,0,0,0,0,0,0,5,1,0,0,0,0,2
0,0,0,0,0,0,0,0,2,1,1,2,0,0,1,2
0,0,0,1,0,0,0,0,5,1,0,0,0,0,2,0
0,0,0,0,0,0,0,0,0,0,0,0,0,0,0,0
0,0,0,0,0,0,0,0,0,0,0,3,0,1,0,0
0,0,0,0,0,0,0,0,0,0,0,0,0,0,0,1
0,0,0,0,0,0,0,0,0,0,0,0,0,0,0,0
0,0,0,0,0,0,0,0,0,1,0,1,0,0,0,2
0,0,0,0,0,0,0,0,0,0,0,0,0,0,0,0
0,0,0,0,0,0,0,0,0,0,0,0,0,0,0,0
0,0,0,0,0,0,0,3,0,1,0,0,0,0,0,0
0,0,0,0,0,0,0,0,0,0,0,1,0,0,0,0
0,0,0,0,0,2,0,7,0,11,12,0,0,1,8,5
0,0,0,0,11,0,7,6,12,10,10,12,7,3,7,0
0,0,0,0,2,0,7,1,11,12,0,10,1,8,5,0
0,5,4,4,0,6,9,14,0,5,11,4,0,8,4,13
3,6,3,3,12,7,19,11,7,8,13,8,1,4,5,3
5,4,4,2,6,9,14,6,5,11,4,0,8,4,13,6
0,2,0,7,0,11,12,0,0,1,8,5,0,3,10,10
11,0,7,6,12,10,10,12,7,3,7,0,8,3,10,6
2,0,7,1,11,12,0,10,1,8,5,0,3,10,10,6
0,0,0,0,0,31,35,38,0,27,35,0,0,4,1,7
0,0,0,0,6,31,29,41,3,35,26,30,0,4,3,6
0,0,0,0,31,35,38,29,27,35,0,30,4,1,7,14
0,13,13,13,0,34,42,13,0,14,17,0,0,0,5,12
3,15,11,14,6,42,33,32,4,16,0,4,0,0,5,13
13,13,13,8,34,42,13,33,14,17,0,18,0,5,12,4
0,31,35,38,0,27,35,0,0,4,1,7,0,0,0,4
6,31,29,41,3,35,26,30,0,4,3,6,0,0,1,21
31,35,38,29,27,35,0,30,4,1,7,14,0,0,4,30
0,0,0,0,0,3,0,2,0,2,3,1,0,2,2,1
0,0,0,0,5,2,0,1,2,3,2,3,2,0,3,1
0,0,0,0,3,0,2,0,2,3,1,3,2,2,1,0
0,1,0,0,0,2,1,1,0,3,1,2,0,0,0,0
11,0,0,0,3,2,1,0,1,2,2,2,0,1,0,1
1,0,0,0,2,1,1,2,3,1,2,2,0,0,0,0
0,3,0,2,0,2,3,1,0,2,2,1,0,1,1,1
5,2,0,1,2,3,2,3,2,0,3,1,0,1,1,3
3,0,2,0,2,3,1,3,2,2,1,0,1,1,1,3
0,0,0,0,0,0,0,0,0,2,2,3,0,2,7,0
0,0,0,0,0,0,0,1,0,0,2,1,0,1,1,2
0,0,0,0,0,0,0,0,2,2,3,0,2,7,0,0
0,0,0,0,0,1,0,0,0,1,1,0,0,9,1,0
0,0,0,0,0,0,0,1,0,2,1,0,0,3,0,1
0,0,0,0,1,0,0,0,1,1,0,1,9,1,0,0
0,0,0,0,0,2,2,3,0,2,7,0,0,1,2,0
0,0,0,1,0,0,2,1,0,1,1,2,7,0,0,1
0,0,0,0,2,2,3,0,2,7,0,0,1,2,0,0
0,0,0,0,0,7,14,11,0,9,15,27,0,9,17,13
0,0,0,0,10,13,14,10,13,13,4,14,6,6,12,12
0,0,0,0,7,14,11,11,9,15,27,10,9,17,13,8
0,13,17,17,0,8,18,9,0,3,9,16,0,11,9,4
12,15,17,17,14,12,9,15,7,8,10,8,5,11,9,10
13,17,17,20,8,18,9,15,3,9,16,9,11,9,4,5
0,7,14,11,0,9,15,27,0,9,17,13,0,4,9,10
10,13,14,10,13,13,4,14,6,6,12,12,4,10,7,8
7,14,11,11,9,15,27,10,9,17,13,8,4,9,10,6
0,0,0,0,0,1,0,0,0,0,0,0,0,0,0,0
0,0,0,0,2,0,1,1,0,0,0,0,1,0,0,0
0,0,0,0,1,0,0,0,0,0,0,0,0,0,0,0
0,1,1,2,0,0,0,0,0,0,0,0,0,0,0,0
2,1,2,0,2,0,0,0,0,0,0,0,0,0,1,0
1,1,2,0,0,0,0,0,0,0,0,0,0,0,0,0
0,1,0,0,0,0,0,0,0,0,0,0,0,0,1,0
2,0,1,1,0,0,0,0,1,0,0,0,0,0,0,0
1,0,0,0,0,0,0,0,0,0,0,0,0,1,0,2
0,0,0,0,0,0,0,0,0,0,0,0,0,0,0,0
0,0,0,0,0,0,0,0,0,0,0,0,0,0,0,0
0,0,0,0,0,0,0,0,0,0,0,0,0,0,0,0
0,0,3,3,0,0,0,0,0,0,0,0,0,0,0,0
0,2,2,5,0,0,0,0,0,0,0,0,2,4,0,0
0,3,3,1,0,0,0,0,0,0,0,0,0,0,0,0
0,0,0,0,0,0,0,0,0,0,0,0,0,3,0,0
0,0,0,0,0,0,0,0,0,0,0,0,0,3,0,0
0,0,0,0,0,0,0,0,0,0,0,0,3,0,0,0
0,0,0,0,0,2,1,2,0,3,2,10,0,2,8,6
0,0,0,0,14,0,2,0,4,3,1,2,2,2,1,2
0,0,0,0,2,1,2,0,3,2,10,0,2,8,6,0
0,4,9,10,0,5,3,4,0,3,2,6,0,4,1,2
14,7,8,7,11,5,3,4,6,1,3,2,1,1,5,2
4,9,10,0,5,3,4,0,3,2,6,0,4,1,2,0
0,2,1,2,0,3,2,10,0,2,8,6,0,1,1,5
14,0,2,0,4,3,1,2,2,2,1,2,0,1,1,0
2,1,2,0,3,2,10,0,2,8,6,0,1,1,5,0
0,0,0,0,0,5,2,4,0,5,4,3,0,6,9,4
0,0,0,0,11,2,3,1,0,4,14,5,1,3,5,4
0,0,0,0,5,2,4,1,5,4,3,5,6,9,4,3
0,13,7,8,0,6,4,4,0,5,6,1,0,8,3,4
16,6,9,5,5,4,6,6,3,4,8,5,1,4,4,7
13,7,8,2,6,4,4,4,5,6,1,5,8,3,4,3
0,5,2,4,0,5,4,3,0,6,9,4,0,5,6,2
11,2,3,1,0,4,14,5,1,3,5,4,7,4,1,0
5,2,4,1,5,4,3,5,6,9,4,3,5,6,2,1
0,0,0,0,0,7,12,10,0,6,11,2,0,3,2,2
0,0,0,0,4,10,13,8,0,6,8,3,0,4,0,4
0,0,0,0,7,12,10,15,6,11,2,8,3,2,2,2
0,7,7,7,0,4,8,5,0,3,1,3,0,1,1,0
4,7,7,6,1,4,10,3,0,2,2,4,0,1,0,2
7,7,7,6,4,8,5,6,3,1,3,2,1,1,0,6
0,7,12,10,0,6,11,2,0,3,2,2,0,0,0,1
4,10,13,8,0,6,8,3,0,4,0,4,0,0,0,3
7,12,10,15,6,11,2,8,3,2,2,2,0,0,1,10
0,0,0,0,0,4,13,0,0,0,0,0,0,4,9,2
0,0,0,0,0,13,15,1,0,0,10,0,1,0,8,3
0,0,0,0,4,13,0,0,0,0,0,0,4,9,2,1
0,20,29,28,0,0,0,0,0,1,0,0,0,3,6,0
13,30,32,29,0,0,0,0,0,1,1,1,1,9,8,3
20,29,28,20,0,0,0,0,1,0,0,0,3,6,0,4
0,4,13,0,0,0,0,0,0,4,9,2,0,5,3,0
0,13,15,1,0,0,10,0,1,0,8,3,5,0,4,3
4,13,0,0,0,0,0,0,4,9,2,1,5,3,0,0
0,0,0,0,0,0,0,0,0,0,1,0,0,0,0,0
0,0,0,0,0,0,0,0,0,0,0,0,0,0,0,0
0,0,0,0,0,0,0,5,0,1,0,3,0,0,0,3
0,0,0,0,0,0,0,0,0,0,0,0,0,0,0,0
0,0,0,3,0,0,1,0,0,0,4,0,0,0,0,0
0,0,0,6,0,0,0,6,0,0,0,2,0,0,0,2
0,0,0,0,0,0,1,0,0,0,0,0,0,0,2,0
0,0,0,0,0,0,0,0,0,0,0,0,0,0,1,0
0,0,0,5,0,1,0,3,0,0,0,3,0,2,0,1
0,0,0,0,0,71,78,72,0,59,65,23,0,19,26,24
0,0,0,0,40,78,81,83,43,64,34,70,16,21,10,34
0,0,0,0,71,78,72,79,59,65,23,59,19,26,24,27
0,51,58,59,0,74,83,30,0,28,32,16,0,26,9,31
37,55,57,60,47,79,65,65,14,30,19,36,5,23,11,39
51,58,59,65,74,83,30,72,28,32,16,39,26,9,31,44
0,71,78,72,0,59,65,23,0,19,26,24,0,18,10,36
40,78,81,83,43,64,34,70,16,21,10,34,14,11,13,32
71,78,72,79,59,65,23,59,19,26,24,27,18,10,36,53
0,0,0,0,0,74,72,78,0,71,56,25,0,20,14,22
0,0,0,0,52,70,74,76,48,71,16,66,17,14,14,30
0,0,0,0,74,72,78,55,71,56,25,51,20,14,22,24
0,41,43,45,0,84,70,46,0,37,39,23,0,12,10,39
25,41,44,44,58,75,67,71,28,36,14,36,11,18,18,39
41,43,45,36,84,70,46,53,37,39,23,38,12,10,39,23
0,74,72,78,0,71,56,25,0,20,14,22,0,20,12,30
52,70,74,76,48,71,16,66,17,14,14,30,7,12,16,37
74,72,78,55,71,56,25,51,20,14,22,24,20,12,30,46
0,0,0,0,0,11,13,23,0,18,23,0,0,6,1,0
0,0,0,0,1,13,19,13,7,19,0,21,5,0,1,3
0,0,0,0,11,13,23,7,18,23,0,16,6,1,0,6
0,2,1,2,0,20,21,8,0,10,10,0,0,0,1,3
0,1,1,2,6,20,17,13,7,16,0,4,2,0,0,6
2,1,2,0,20,21,8,19,10,10,0,11,0,1,3,3
0,11,13,23,0,18,23,0,0,6,1,0,0,0,0,10
1,13,19,13,7,19,0,21,5,0,1,3,1,1,2,11
11,13,23,7,18,23,0,16,6,1,0,6,0,0,10,10
0,0,0,0,0,67,60,64,0,60,51,23,0,20,15,22
0,0,0,0,47,62,63,63,41,56,19,45,19,13,15,18
0,0,0,0,67,60,64,46,60,51,23,39,20,15,22,17
0,28,25,28,0,72,61,34,0,28,25,19,0,11,13,25
24,27,26,24,50,68,48,62,23,29,14,31,14,25,14,36
28,25,28,17,72,61,34,44,28,25,19,27,11,13,25,21
0,67,60,64,0,60,51,23,0,20,15,22,0,19,12,29
47,62,63,63,41,56,19,45,19,13,15,18,13,13,16,31
67,60,64,46,60,51,23,39,20,15,22,17,19,12,29,27
0,0,0,0,0,0,0,2,0,0,3,2,0,0,1,1
0,0,0,0,0,0,0,3,1,1,1,4,1,0,0,3
0,0,0,0,0,0,2,1,0,3,2,0,0,1,1,1
0,0,0,0,0,0,3,2,0,0,2,2,0,0,0,0
0,0,0,2,0,0,1,4,1,0,2,2,0,1,1,0
0,0,0,0,0,3,2,0,0,2,2,0,0,0,0,0
0,0,0,2,0,0,3,2,0,0,1,1,0,0,0,1
0,0,0,3,1,1,1,4,1,0,0,3,0,0,1,7
0,0,2,1,0,3,2,0,0,1,1,1,0,0,1,3
0,0,0,0,0,0,0,0,0,3,3,7,0,1,4,3
0,0,0,0,0,0,0,0,12,1,1,12,8,9,1,2
0,0,0,0,0,0,0,3,3,3,7,3,1,4,3,2
0,0,0,0,0,0,0,0,0,7,9,0,0,0,0,1
0,0,0,0,9,0,0,4,10,5,2,9,6,1,0,0
0,0,0,0,0,0,0,4,7,9,0,3,0,0,1,0
0,0,0,0,0,3,3,7,0,1,4,3,0,1,0,11
0,0,0,0,12,1,1,12,8,9,1,2,0,0,1,0
0,0,0,3,3,3,7,3,1,4,3,2,1,0,11,5
0,0,0,0,0,7,6,12,0,10,13,0,0,8,12,6
0,0,0,0,22,10,9,13,17,11,16,19,8,2,5,6
0,0,0,0,7,6,12,7,10,13,0,9,8,12,6,3
0,11,12,12,0,11,12,11,0,4,11,7,0,7,3,10
23,13,12,13,22,14,9,25,7,3,9,16,0,11,2,8
11,12,12,3,11,12,11,15,4,11,7,9,7,3,10,6
0,7,6,12,0,10,13,0,0,8,12,6,0,6,1,8
22,10,9,13,17,11,16,19,8,2,5,6,1,6,0,5
7,6,12,7,10,13,0,9,8,12,6,3,6,1,8,17
0,0,0,0,0,22,20,17,0,2,2,6,0,0,6,6
0,0,0,0,14,23,17,21,2,3,0,5,0,0,0,8
0,0,0,0,22,20,17,15,2,2,6,0,0,6,6,4
0,28,31,31,0,10,9,2,0,1,1,4,0,0,4,4
21,29,31,32,5,10,1,10,0,2,0,4,1,0,5,8
28,31,31,28,10,9,2,5,1,1,4,3,0,4,4,3
0,22,20,17,0,2,2,6,0,0,6,6,0,1,4,4
14,23,17,21,2,3,0,5,0,0,0,8,0,6,4,6
22,20,17,15,2,2,6,0,0,6,6,4,1,4,4,7
0,0,0,0,0,3,0,1,0,4,2,4,0,1,0,2
0,0,0,0,2,1,0,1,4,4,1,3,1,2,1,2
0,0,0,0,3,0,1,3,4,2,4,0,1,0,2,0
0,3,5,4,0,4,2,6,0,4,1,3,0,1,1,2
2,5,6,5,4,3,3,3,3,4,0,2,1,1,1,2
3,5,4,16,4,2,6,0,4,1,3,0,1,1,2,0
0,3,0,1,0,4,2,4,0,1,0,2,0,1,0,1
2,1,0,1,4,4,1,3,1,2,1,2,0,0,0,0
3,0,1,3,4,2,4,0,1,0,2,0,1,0,1,0
0,0,0,0,0,9,12,9,0,21,15,19,0,15,4,6
0,0,0,0,1,9,13,13,0,21,46,11,0,16,7,9
0,0,0,0,9,12,9,1,21,15,19,4,15,4,6,0
0,9,3,2,0,21,20,8,0,17,4,6,0,11,11,9
1,4,4,5,1,19,24,19,4,11,22,16,8,10,7,9
9,3,2,0,21,20,8,9,17,4,6,5,11,11,9,3
0,9,12,9,0,21,15,19,0,15,4,6,0,9,7,9
1,9,13,13,0,21,46,11,0,16,7,9,7,3,10,18
9,12,9,1,21,15,19,4,15,4,6,0,9,7,9,10
0,0,0,0,0,26,26,18,0,8,7,1,0,5,5,6
0,0,0,0,2,29,22,22,1,12,0,17,2,2,0,11
0,0,0,0,26,26,18,20,8,7,1,15,5,5,6,11
0,27,32,32,0,18,17,0,0,4,0,0,0,2,0,6
1,29,32,33,1,18,10,14,0,4,0,1,0,1,0,11
27,32,32,32,18,17,0,17,4,0,0,14,2,0,6,7
0,26,26,18,0,8,7,1,0,5,5,6,0,1,1,2
2,29,22,22,1,12,0,17,2,2,0,11,0,1,0,7
26,26,18,20,8,7,1,15,5,5,6,11,1,1,2,18
0,0,0,0,0,51,59,61,0,46,53,17,0,20,15,17
0,0,0,0,30,56,53,62,27,55,32,64,14,11,9,28
0,0,0,0,51,59,61,49,46,53,17,44,20,15,17,19
0,28,29,31,0,58,62,29,0,23,29,8,0,19,8,28
17,27,29,30,33,65,42,65,14,29,14,35,7,11,8,32
28,29,31,28,58,62,29,51,23,29,8,30,19,8,28,25
0,51,59,61,0,46,53,17,0,20,15,17,0,11,2,24
30,56,53,62,27,55,32,64,14,11,9,28,16,6,7,28
51,59,61,49,46,53,17,44,20,15,17,19,11,2,24,38
0,0,0,0,0,0,0,3,0,1,1,1,0,0,0,0
0,0,0,0,0,0,0,0,2,3,0,0,1,0,0,0
0,0,0,0,0,0,3,0,1,1,1,0,0,0,0,0
0,0,0,0,0,1,3,5,0,1,0,0,0,1,0,0
0,0,0,0,1,2,3,1,2,0,1,0,0,1,0,1
0,0,0,0,1,3,5,1,1,0,0,0,1,0,0,0
0,0,0,3,0,1,1,1,0,0,0,0,0,0,1,1
0,0,0,0,2,3,0,0,1,0,0,0,1,1,1,2
0,0,3,0,1,1,1,0,0,0,0,0,0,1,1,0
0,0,0,0,0,5,8,7,0,3,4,6,0,1,2,3
0,0,0,0,5,7,9,7,2,2,4,3,0,2,4,3
0,0,0,0,5,8,7,7,3,4,6,4,1,2,3,6
0,7,9,9,0,2,6,5,0,1,4,3,0,1,5,6
3,10,8,9,1,4,6,4,0,3,4,3,0,0,2,1
7,9,9,5,2,6,5,3,1,4,3,3,1,5,6,3
0,5,8,7,0,3,4,6,0,1,2,3,0,3,5,0
5,7,9,7,2,2,4,3,0,2,4,3,0,6,1,0
5,8,7,7,3,4,6,4,1,2,3,6,3,5,0,1
0,0,0,0,0,12,12,6,0,2,1,0,0,0,0,6
0,0,0,0,6,12,9,10,0,1,0,13,2,0,3,4
0,0,0,0,12,12,6,0,2,1,0,1,0,0,6,3
0,20,22,21,0,7,7,3,0,2,0,0,0,0,1,7
6,22,22,21,5,3,7,3,3,2,2,0,0,1,2,4
20,22,21,14,7,7,3,0,2,0,0,1,0,1,7,1
0,12,12,6,0,2,1,0,0,0,0,6,0,0,0,0
6,12,9,10,0,1,0,13,2,0,3,4,0,0,0,2
12,12,6,0,2,1,0,1,0,0,6,3,0,0,0,0
0,0,0,0,0,3,10,2,0,0,4,22,0,8,12,12
0,0,0,0,0,9,6,6,0,6,35,0,0,9,17,11
0,0,0,0,3,10,2,1,0,4,22,5,8,12,12,12
0,4,5,4,0,7,11,18,0,11,9,10,0,10,11,0
7,7,5,6,0,14,11,7,0,12,21,5,1,8,9,2
4,5,4,1,7,11,18,7,11,9,10,6,10,11,0,3
0,3,10,2,0,0,4,22,0,8,12,12,0,4,6,0
0,9,6,6,0,6,35,0,0,9,17,11,0,6,6,11
3,10,2,1,0,4,22,5,8,12,12,12,4,6,0,0
0,0,0,0,0,4,6,10,0,13,4,12,0,6,12,6
0,0,0,0,8,6,3,7,9,16,17,4,4,6,6,3
0,0,0,0,4,6,10,0,13,4,12,0,6,12,6,0
0,0,0,0,0,8,7,20,0,13,9,19,0,13,9,6
3,0,0,0,12,11,11,15,10,11,16,9,1,5,13,1
0,0,0,0,8,7,20,0,13,9,19,3,13,9,6,0
0,4,6,10,0,13,4,12,0,6,12,6,0,6,10,4
8,6,3,7,9,16,17,4,4,6,6,3,3,9,12,6
4,6,10,0,13,4,12,0,6,12,6,0,6,10,4,1
0,0,0,0,0,30,21,24,0,20,18,15,0,8,4,11
0,0,0,0,20,26,25,31,12,22,8,20,2,8,8,8
0,0,0,0,30,21,24,25,20,18,15,20,8,4,11,7
0,16,13,17,0,33,25,12,0,12,13,4,0,3,6,13
8,14,15,12,19,30,17,24,10,10,6,7,1,8,10,16
16,13,17,9,33,25,12,30,12,13,4,12,3,6,13,15
0,30,21,24,0,20,18,15,0,8,4,11,0,4,5,13
20,26,25,31,12,22,8,20,2,8,8,8,0,7,8,15
30,21,24,25,20,18,15,20,8,4,11,7,4,5,13,18
0,0,0,0,0,2,0,3,0,10,8,8,0,4,3,1
0,0,0,0,4,1,2,5,6,9,22,9,2,1,1,4
0,0,0,0,2,0,3,7,10,8,8,2,4,3,1,2
0,7,2,2,0,9,3,10,0,14,6,1,0,6,3,1
19,3,3,4,7,5,1,13,4,9,11,10,2,1,2,2
7,2,2,4,9,3,10,5,14,6,1,6,6,3,1,3
0,2,0,3,0,10,8,8,0,4,3,1,0,6,0,10
4,1,2,5,6,9,22,9,2,1,1,4,8,2,7,11
2,0,3,7,10,8,8,2,4,3,1,2,6,0,10,8
0,0,0,0,0,3,1,2,0,3,2,0,0,2,1,2
0,0,0,0,2,2,2,2,0,3,2,2,0,1,1,2
0,0,0,0,3,1,2,2,3,2,0,4,2,1,2,2
0,2,1,2,0,4,4,3,0,3,3,0,0,0,0,0
2,2,1,2,1,4,3,5,0,2,2,3,0,0,0,1
2,1,2,3,4,4,3,4,3,3,0,4,0,0,0,2
0,3,1,2,0,3,2,0,0,2,1,2,0,0,0,0
2,2,2,2,0,3,2,2,0,1,1,2,0,0,0,1
3,1,2,2,3,2,0,4,2,1,2,2,0,0,0,1
0,0,0,0,0,0,0,0,0,0,3,0,0,0,0,0
0,0,0,0,0,0,0,0,0,0,2,0,0,1,0,0
0,0,0,0,0,0,0,0,0,3,0,1,0,0,0,0
0,0,0,0,0,0,0,0,0,0,1,0,0,0,0,0
0,0,0,0,0,0,0,0,0,1,0,0,1,1,0,0
0,0,0,0,0,0,0,0,0,1,0,0,0,0,0,0
0,0,0,0,0,0,3,0,0,0,0,0,0,0,1,1
0,0,0,0,0,0,2,0,0,1,0,0,1,1,1,2
0,0,0,0,0,3,0,1,0,0,0,0,0,1,1,0
0,0,0,0,0,12,12,9,0,17,12,0,0,3,2,0
0,0,0,0,2,11,10,6,3,11,18,10,1,5,3,4
0,0,0,0,12,12,9,4,17,12,0,10,3,2,0,5
0,17,17,18,0,18,16,0,0,10,1,8,0,6,4,2
2,17,16,18,3,18,26,11,8,10,2,6,1,10,4,0
17,17,18,17,18,16,0,9,10,1,8,4,6,4,2,3
0,12,12,9,0,17,12,0,0,3,2,0,0,7,2,1
2,11,10,6,3,11,18,10,1,5,3,4,3,1,2,7
12,12,9,4,17,12,0,10,3,2,0,5,7,2,1,4
0,0,0,0,0,3,4,1,0,0,0,1,0,0,1,1
0,0,0,0,2,3,4,3,2,0,1,0,1,1,0,3
0,0,0,0,3,4,1,0,0,0,1,0,0,1,1,1
0,3,6,4,0,0,2,1,0,1,0,2,0,0,1,0
2,5,6,4,2,1,2,0,2,0,0,0,1,1,1,0
3,6,4,3,0,2,1,0,1,0,2,0,0,1,0,1
0,3,4,1,0,0,0,1,0,0,1,1,0,0,0,0
2,3,4,3,2,0,1,0,1,1,0,3,0,0,0,0
3,4,1,0,0,0,1,0,0,1,1,1,0,0,0,0
0,0,0,0,0,13,16,9,0,20,19,3,0,16,2,6
0,0,0,0,2,9,12,12,7,14,21,20,3,12,2,13
0,0,0,0,13,16,9,18,20,19,3,12,16,2,6,9
0,5,5,2,0,19,17,3,0,12,14,2,0,2,5,4
0,3,3,4,5,15,19,19,6,10,9,23,6,2,4,12
5,5,2,9,19,17,3,22,12,14,2,9,2,5,4,11
0,13,16,9,0,20,19,3,0,16,2,6,0,2,2,9
2,9,12,12,7,14,21,20,3,12,2,13,1,2,9,11
13,16,9,18,20,19,3,12,16,2,6,9,2,2,9,13
0,0,0,0,0,2,4,4,0,2,5,6,0,2,2,3
0,0,0,0,2,3,5,4,1,4,4,3,0,3,3,0
0,0,0,0,2,4,4,2,2,5,6,2,2,2,3,2
0,1,3,3,0,2,6,7,0,1,5,6,0,0,2,2
1,3,4,3,2,5,8,4,0,4,2,2,1,1,2,1
1,3,3,3,2,6,7,3,1,5,6,2,0,2,2,2
0,2,4,4,0,2,5,6,0,2,2,3,0,1,0,0
2,3,5,4,1,4,4,3,0,3,3,0,1,1,0,0
2,4,4,2,2,5,6,2,2,2,3,2,1,0,0,1
0,0,0,0,0,3,1,1,0,2,0,2,0,0,0,0
0,0,0,0,4,2,2,0,5,2,0,2,1,0,0,1
0,0,0,0,3,1,1,0,2,0,2,0,0,0,0,0
0,0,0,0,0,4,1,0,0,1,0,0,0,0,0,1
2,0,0,0,6,3,2,0,3,0,0,2,1,1,0,0
0,0,0,0,4,1,0,0,1,0,0,0,0,0,1,0
0,3,1,1,0,2,0,2,0,0,0,0,0,0,1,1
4,2,2,0,5,2,0,2,1,0,0,1,0,0,1,0
3,1,1,0,2,0,2,0,0,0,0,0,0,1,1,0
0,0,0,0,0,37,31,30,0,22,18,7,0,5,4,5
0,0,0,0,6,30,29,35,6,15,6,34,2,5,4,12
0,0,0,0,37,31,30,18,22,18,7,12,5,4,5,9
0,26,22,24,0,35,23,12,0,13,6,6,0,3,2,12
4,23,22,24,8,25,19,12,4,7,6,6,1,2,5,17
26,22,24,15,35,23,12,14,13,6,6,7,3,2,12,10
0,37,31,30,0,22,18,7,0,5,4,5,0,1,2,4
6,30,29,35,6,15,6,34,2,5,4,12,1,2,2,12
37,31,30,18,22,18,7,12,5,4,5,9,1,2,4,14
0,0,0,0,0,28,23,34,0,27,27,11,0,11,14,13
0,0,0,0,26,26,31,28,17,27,27,31,6,11,11,14
0,0,0,0,28,23,34,14,27,27,11,21,11,14,13,6
0,33,33,36,0,29,28,18,0,18,21,10,0,14,9,15
27,32,36,34,19,29,41,30,10,18,12,14,7,7,10,11
33,33,36,25,29,28,18,19,18,21,10,16,14,9,15,8
0,28,23,34,0,27,27,11,0,11,14,13,0,1,2,9
26,26,31,28,17,27,27,31,6,11,11,14,10,2,3,7
28,23,34,14,27,27,11,21,11,14,13,6,1,2,9,15
0,0,0,0,0,61,70,67,0,57,63,14,0,13,14,13
0,0,0,0,30,67,71,69,33,62,16,58,10,5,7,23
0,0,0,0,61,70,67,80,57,63,14,62,13,14,13,26
0,43,50,52,0,68,75,24,0,22,24,2,0,4,2,24
21,47,50,52,33,72,63,65,15,24,6,30,3,9,5,36
43,50,52,61,68,75,24,75,22,24,2,40,4,2,24,37
0,61,70,67,0,57,63,14,0,13,14,13,0,4,7,21
30,67,71,69,33,62,16,58,10,5,7,23,6,5,6,23
61,70,67,80,57,63,14,62,13,14,13,26,4,7,21,50
0,0,0,0,0,0,1,1,0,8,11,0,0,11,1,7
0,0,0,0,0,0,2,6,1,7,10,1,5,10,4,0
0,0,0,0,0,1,1,10,8,11,0,7,11,1,7,0
0,0,0,0,0,3,5,6,0,3,2,7,0,13,3,2
4,0,0,0,0,5,9,7,5,3,6,9,5,5,4,9
0,0,0,0,3,5,6,10,3,2,7,1,13,3,2,2
0,0,1,1,0,8,11,0,0,11,1,7,0,4,7,13
0,0,2,6,1,7,10,1,5,10,4,0,2,4,8,11
0,1,1,10,8,11,0,7,11,1,7,0,4,7,13,14
0,0,0,0,0,37,41,47,0,24,27,10,0,7,6,10
0,0,0,0,32,41,39,51,28,30,20,39,7,6,1,21
0,0,0,0,37,41,47,42,24,27,10,26,7,6,10,11
0,32,36,39,0,37,42,29,0,10,14,20,0,17,4,15
25,35,37,43,32,40,41,34,12,13,11,18,5,7,2,17
32,36,39,41,37,42,29,34,10,14,20,16,17,4,15,18
0,37,41,47,0,24,27,10,0,7,6,10,0,5,1,12
32,41,39,51,28,30,20,39,7,6,1,21,10,4,2,5
37,41,47,42,24,27,10,26,7,6,10,11,5,1,12,30
0,0,0,0,0,19,29,31,0,22,27,6,0,15,8,5
0,0,0,0,1,26,28,35,0,24,24,14,4,8,12,3
0,0,0,0,19,29,31,28,22,27,6,27,15,8,5,7
0,3,5,4,0,22,27,18,0,9,17,2,0,10,12,8
3,4,4,6,0,29,27,25,0,9,14,18,6,13,8,18
3,5,4,0,22,27,18,30,9,17,2,16,10,12,8,17
0,19,29,31,0,22,27,6,0,15,8,5,0,10,7,7
1,26,28,35,0,24,24,14,4,8,12,3,9,8,10,17
19,29,31,28,22,27,6,27,15,8,5,7,10,7,7,22
0,0,0,0,0,0,0,0,0,0,0,5,0,0,3,1
0,0,0,0,0,0,0,0,0,0,0,0,0,3,1,0
0,0,0,0,0,0,0,0,0,0,5,0,0,3,1,0
0,3,1,0,0,0,0,0,0,0,0,2,0,6,1,0
1,2,0,1,0,0,0,0,0,0,2,0,1,1,0,0
3,1,0,1,0,0,0,0,0,0,2,0,6,1,0,0
0,0,0,0,0,0,0,5,0,0,3,1,0,3,0,0
0,0,0,0,0,0,0,0,0,3,1,0,0,4,0,0
0,0,0,0,0,0,5,0,0,3,1,0,3,0,0,0
0,0,0,0,0,13,10,8,0,12,4,13,0,11,5,11
0,0,0,0,8,11,11,7,13,5,5,7,7,1,7,6
0,0,0,0,13,10,8,3,12,4,13,2,11,5,11,1
0,5,7,6,0,14,6,12,0,12,8,11,0,0,7,8
4,6,7,5,15,7,4,6,14,9,2,18,5,2,13,10
5,7,6,2,14,6,12,3,12,8,11,1,0,7,8,2
0,13,10,8,0,12,4,13,0,11,5,11,0,2,5,18
8,11,11,7,13,5,5,7,7,1,7,6,1,3,7,10
13,10,8,3,12,4,13,2,11,5,11,1,2,5,18,2
0,0,0,0,0,23,29,41,0,28,34,10,0,10,13,5
0,0,0,0,10,27,30,31,16,31,38,22,12,13,6,10
0,0,0,0,23,29,41,27,28,34,10,26,10,13,5,8
0,20,19,23,0,26,38,22,0,16,22,8,0,21,9,8
7,19,22,26,14,34,32,22,7,16,22,9,4,7,4,11
20,19,23,30,26,38,22,30,16,22,8,14,21,9,8,17
0,23,29,41,0,28,34,10,0,10,13,5,0,7,10,12
10,27,30,31,16,31,38,22,12,13,6,10,7,12,9,18
23,29,41,27,28,34,10,26,10,13,5,8,7,10,12,26
0,0,0,0,0,0,0,7,0,16,17,12,0,6,19,0
0,0,0,0,16,0,0,7,21,18,0,28,10,12,10,8
0,0,0,0,0,0,7,4,16,17,12,8,6,19,0,0
0,0,2,3,0,10,15,13,0,5,10,3,0,16,3,10
6,0,1,6,21,12,16,25,9,12,9,8,3,19,1,5
0,2,3,12,10,15,13,10,5,10,3,7,16,3,10,4
0,0,0,7,0,16,17,12,0,6,19,0,0,16,7,4
16,0,0,7,21,18,0,28,10,12,10,8,9,10,3,5
0,0,7,4,16,17,12,8,6,19,0,0,16,7,4,7
0,0,0,0,0,0,4,1,0,8,10,11,0,4,14,3
0,0,0,0,0,1,4,4,4,10,12,9,3,7,5,4
0,0,0,0,0,4,1,10,8,10,11,10,4,14,3,6
0,0,2,0,0,4,9,20,0,9,12,7,0,4,4,2
0,0,1,2,2,7,8,9,3,10,17,7,1,5,7,2
0,2,0,6,4,9,20,10,9,12,7,9,4,4,2,5
0,0,4,1,0,8,10,11,0,4,14,3,0,5,1,2
0,1,4,4,4,10,12,9,3,7,5,4,1,3,8,4
0,4,1,10,8,10,11,10,4,14,3,6,5,1,2,3
0,0,0,0,0,14,22,20,0,1,15,5,0,2,0,7
0,0,0,0,2,21,18,24,0,14,8,14,0,0,8,6
0,0,0,0,14,22,20,25,1,15,5,20,2,0,7,9
0,7,9,11,0,12,20,14,0,1,8,7,0,0,3,7
4,9,9,12,0,22,14,19,0,4,9,2,0,0,3,7
7,9,11,12,12,20,14,29,1,8,7,17,0,3,7,12
0,14,22,20,0,1,15,5,0,2,0,7,0,0,3,2
2,21,18,24,0,14,8,14,0,0,8,6,1,0,1,7
14,22,20,25,1,15,5,20,2,0,7,9,0,3,2,25
0,0,0,0,0,9,10,8,0,6,8,6,0,0,3,3
0,0,0,0,4,10,10,9,2,8,8,8,0,3,3,3
0,0,0,0,9,10,8,7,6,8,6,9,0,3,3,5
0,6,6,7,0,10,12,10,0,3,6,1,0,1,3,4
3,6,6,6,4,11,10,12,0,4,4,4,1,1,4,5
6,6,7,3,10,12,10,9,3,6,1,6,1,3,4,5
0,9,10,8,0,6,8,6,0,0,3,3,0,0,2,2
4,10,10,9,2,8,8,8,0,3,3,3,0,1,1,4
9,10,8,7,6,8,6,9,0,3,3,5,0,2,2,3
0,0,0,0,0,11,14,8,0,0,3,0,0,0,0,0
0,0,0,0,0,12,14,15,0,0,15,1,0,3,0,3
0,0,0,0,11,14,8,16,0,3,0,7,0,0,0,5
0,10,12,11,0,4,4,0,0,2,0,0,0,7,0,0
9,12,14,13,0,4,7,3,0,0,2,4,2,0,0,3
10,12,11,8,4,4,0,9,2,0,0,5,7,0,0,4
0,11,14,8,0,0,3,0,0,0,0,0,0,0,0,0
0,12,14,15,0,0,15,1,0,3,0,3,9,0,0,0
11,14,8,16,0,3,0,7,0,0,0,5,0,0,0,11
0,0,0,0,0,3,4,12,0,8,10,0,0,0,4,0
0,0,0,0,0,6,10,13,1,8,3,13,0,0,0,0
0,0,0,0,3,4,12,14,8,10,0,9,0,4,0,3
0,0,0,0,0,7,11,1,0,0,0,0,0,8,0,6
0,0,0,4,0,9,10,6,3,1,1,2,0,5,0,0
0,0,0,9,7,11,1,14,0,0,0,4,8,0,6,3
0,3,4,12,0,8,10,0,0,0,4,0,0,0,0,2
0,6,10,13,1,8,3,13,0,0,0,0,7,0,0,0
3,4,12,14,8,10,0,9,0,4,0,3,0,0,2,15
0,0,0,0,0,2,2,0,0,1,0,1,0,2,0,0
0,0,0,0,1,1,3,0,3,0,0,0,1,0,0,0
0,0,0,0,2,2,0,1,1,0,1,0,2,0,0,0
0,0,0,0,0,4,1,0,0,2,0,0,0,0,0,1
0,0,0,0,4,0,2,0,2,0,0,0,4,0,0,0
0,0,0,3,4,1,0,0,2,0,0,0,0,0,1,0
0,2,2,0,0,1,0,1,0,2,0,0,0,0,0,0
1,1,3,0,3,0,0,0,1,0,0,0,1,0,0,0
2,2,0,1,1,0,1,0,2,0,0,0,0,0,0,0
0,0,0,0,0,98,108,115,0,83,87,22,0,20,11,26
0,0,0,0,50,107,113,113,43,91,47,85,18,17,16,26
0,0,0,0,98,108,115,104,83,87,22,83,20,11,26,30
0,47,54,56,0,104,115,44,0,40,40,24,0,11,14,44
19,51,56,55,52,112,99,98,23,39,19,46,10,13,20,49
47,54,56,58,104,115,44,103,40,40,24,58,11,14,44,46
0,98,108,115,0,83,87,22,0,20,11,26,0,13,15,40
50,107,113,113,43,91,47,85,18,17,16,26,13,14,22,50
98,108,115,104,83,87,22,83,20,11,26,30,13,15,40,70
0,0,0,0,0,37,32,34,0,20,20,5,0,3,5,15
0,0,0,0,20,34,28,40,10,18,6,26,5,5,12,7
0,0,0,0,37,32,34,20,20,20,5,15,3,5,15,5
0,12,10,10,0,32,23,7,0,7,7,3,0,4,4,18
4,10,11,9,17,29,9,24,4,5,5,18,0,6,8,23
12,10,10,0,32,23,7,18,7,7,3,11,4,4,18,10
0,37,32,34,0,20,20,5,0,3,5,15,0,2,6,17
20,34,28,40,10,18,6,26,5,5,12,7,5,3,7,15
37,32,34,20,20,20,5,15,3,5,15,5,2,6,17,26
0,0,0,0,0,36,48,42,0,25,36,3,0,6,7,10
0,0,0,0,34,47,43,51,26,37,1,44,4,2,6,17
0,0,0,0,36,48,42,50,25,36,3,38,6,7,10,18
0,33,36,37,0,34,43,21,0,0,13,13,0,9,2,24
29,35,38,42,28,42,28,52,2,10,6,22,0,11,6,18
33,36,37,43,34,43,21,50,0,13,13,28,9,2,24,25
0,36,48,42,0,25,36,3,0,6,7,10,0,8,5,23
34,47,43,51,26,37,1,44,4,2,6,17,6,4,9,13
36,48,42,50,25,36,3,38,6,7,10,18,8,5,23,44
0,0,0,0,0,3,5,5,0,3,7,9,0,3,13,3
0,0,0,0,1,7,5,6,1,3,15,4,2,8,6,4
0,0,0,0,3,5,5,7,3,7,9,4,3,13,3,3
0,4,6,7,0,3,7,12,0,2,3,8,0,4,6,2
2,6,6,6,0,6,6,6,2,2,14,9,2,20,7,2
4,6,7,5,3,7,12,8,2,3,8,3,4,6,2,4
0,3,5,5,0,3,7,9,0,3,13,3,0,8,5,0
1,7,5,6,1,3,15,4,2,8,6,4,1,8,9,0
3,5,5,7,3,7,9,4,3,13,3,3,8,5,0,1
0,0,0,0,0,0,1,0,0,0,3,0,0,1,0,0
0,0,0,0,0,0,1,4,0,2,1,3,0,0,0,0
0,0,0,0,0,1,0,5,0,3,0,4,1,0,0,1
0,0,0,0,0,0,3,0,0,0,1,0,0,0,0,0
0,0,0,1,0,2,3,3,0,0,0,2,0,1,0,2
0,0,0,3,0,3,0,5,0,1,0,3,0,0,0,2
0,0,1,0,0,0,3,0,0,1,0,0,0,0,0,1
0,0,1,4,0,2,1,3,0,0,0,0,0,1,0,1
0,1,0,5,0,3,0,4,1,0,0,1,0,0,1,2
0,0,0,0,0,41,50,51,0,26,34,16,0,6,14,12
0,0,0,0,29,50,50,51,20,40,15,34,7,14,6,16
0,0,0,0,41,50,51,42,26,34,16,37,6,14,12,18
0,35,42,44,0,35,43,39,0,13,20,12,0,17,4,20
16,42,44,47,27,45,46,39,11,21,17,16,2,18,9,20
35,42,44,38,35,43,39,43,13,20,12,28,17,4,20,19
0,41,50,51,0,26,34,16,0,6,14,12,0,9,8,10
29,50,50,51,20,40,15,34,7,14,6,16,10,8,1,12
41,50,51,42,26,34,16,37,6,14,12,18,9,8,10,21
0,0,0,0,0,0,0,0,0,0,2,0,0,0,0,0
0,0,0,0,1,0,0,0,0,1,0,1,1,0,0,0
0,0,0,0,0,0,0,0,0,2,0,0,0,0,0,0
0,0,0,0,0,0,0,1,0,0,1,0,0,0,0,0
3,0,0,0,0,0,0,3,0,2,0,0,0,0,0,0
0,0,0,0,0,0,1,0,0,1,0,0,0,0,0,0
0,0,0,0,0,0,2,0,0,0,0,0,0,1,0,0
1,0,0,0,0,1,0,1,1,0,0,0,0,0,0,1
0,0,0,0,0,2,0,0,0,0,0,0,1,0,0,1
0,0,0,0,0,0,1,0,0,0,0,0,0,0,4,0
0,0,0,0,0,0,0,0,0,0,0,0,0,0,0,0
0,0,0,0,0,1,0,0,0,0,0,0,0,4,0,0
0,0,0,0,0,0,0,0,0,0,0,1,0,18,0,0
0,0,0,1,0,0,0,0,0,0,0,0,0,7,0,0
0,0,0,1,0,0,0,0,0,0,1,0,18,0,0,0
0,0,1,0,0,0,0,0,0,0,4,0,0,3,0,0
0,0,0,0,0,0,0,0,0,0,0,0,10,0,0,0
0,1,0,0,0,0,0,0,0,4,0,0,3,0,0,0
0,0,0,0,0,0,0,0,0,0,0,0,0,0,1,0
0,0,0,0,0,0,0,0,0,0,0,0,0,0,1,0
0,0,0,0,0,0,0,0,0,0,0,0,0,1,0,0
0,0,0,0,0,0,0,0,0,0,0,0,0,0,3,0
0,0,0,0,0,0,0,0,0,0,0,0,0,0,3,0
0,0,0,0,0,0,0,0,0,0,0,0,0,3,0,0
0,0,0,0,0,0,0,0,0,0,1,0,0,1,3,0
0,0,0,0,0,0,0,0,0,0,1,0,0,6,3,0
0,0,0,0,0,0,0,0,0,1,0,0,1,3,0,0
0,0,0,0,0,7,7,8,0,3,4,6,0,2,3,3
0,0,0,0,3,6,7,9,1,5,3,16,0,2,2,3
0,0,0,0,7,7,8,6,3,4,6,4,2,3,3,3
0,3,3,5,0,5,5,7,0,1,3,2,0,0,1,4
1,3,4,3,2,6,6,8,1,3,2,4,1,1,2,4
3,3,5,1,5,5,7,4,1,3,2,2,0,1,4,3
0,7,7,8,0,3,4,6,0,2,3,3,0,1,0,2
3,6,7,9,1,5,3,16,0,2,2,3,0,1,1,4
7,7,8,6,3,4,6,4,2,3,3,3,1,0,2,3
0,0,0,0,0,0,0,0,0,0,0,0,0,0,1,0
0,0,0,0,0,0,0,0,0,0,5,0,0,5,5,0
0,0,0,0,0,0,0,0,0,0,0,0,0,1,0,0
0,0,0,0,0,0,0,0,0,0,0,0,0,1,7,0
0,0,0,0,0,0,0,0,0,0,6,0,0,0,5,0
0,0,0,0,0,0,0,0,0,0,0,0,1,7,0,0
0,0,0,0,0,0,0,0,0,0,1,0,0,0,4,0
0,0,0,0,0,0,5,0,0,5,5,0,0,1,5,2
0,0,0,0,0,0,0,0,0,1,0,0,0,4,0,0
0,0,0,0,0,4,1,4,0,4,0,1,0,1,2,2
0,0,0,0,6,1,2,2,6,1,0,3,4,1,3,2
0,0,0,0,4,1,4,0,4,0,1,0,1,2,2,0
0,3,2,2,0,5,0,4,0,2,0,3,0,11,2,2
7,2,1,1,6,2,1,4,3,2,0,4,5,1,2,2
3,2,2,1,5,0,4,0,2,0,3,0,11,2,2,0
0,4,1,4,0,4,0,1,0,1,2,2,0,1,0,2
6,1,2,2,6,1,0,3,4,1,3,2,0,0,1,2
4,1,4,0,4,0,1,0,1,2,2,0,1,0,2,0
0,0,0,0,0,13,17,16,0,16,17,6,0,4,11,7
0,0,0,0,7,13,19,16,10,14,2,17,4,8,7,10
0,0,0,0,13,17,16,15,16,17,6,13,4,11,7,4
0,14,14,13,0,19,22,8,0,8,6,9,0,15,5,11
6,14,14,11,11,16,27,12,6,9,6,6,2,12,9,6
14,14,13,14,19,22,8,10,8,6,9,6,15,5,11,8
0,13,17,16,0,16,17,6,0,4,11,7,0,12,10,2
7,13,19,16,10,14,2,17,4,8,7,10,13,9,9,9
13,17,16,15,16,17,6,13,4,11,7,4,12,10,2,8
0,0,0,0,0,1,1,4,0,0,1,2,0,0,3,2
0,0,0,0,1,2,2,0,0,0,4,0,0,1,2,1
0,0,0,0,1,1,4,0,0,1,2,2,0,3,2,3
0,2,5,5,0,0,0,2,0,0,3,2,0,2,1,1
1,4,5,3,0,0,3,0,0,1,3,0,0,0,0,0
2,5,5,0,0,0,2,1,0,3,2,2,2,1,1,0
0,1,1,4,0,0,1,2,0,0,3,2,0,6,1,1
1,2,2,0,0,0,4,0,0,1,2,1,2,1,0,0
1,1,4,0,0,1,2,2,0,3,2,3,6,1,1,1
0,0,0,0,0,0,0,0,0,1,1,0,0,0,0,0
0,0,0,0,0,0,0,0,0,0,0,0,0,0,0,0
0,0,0,0,0,0,0,0,1,1,0,2,0,0,0,2
0,0,0,0,0,0,0,0,0,1,1,0,0,0,0,0
0,0,0,0,0,0,0,0,0,2,0,0,0,0,0,0
0,0,0,0,0,0,0,1,1,1,0,3,0,0,0,0
0,0,0,0,0,1,1,0,0,0,0,0,0,0,0,1
0,0,0,0,0,0,0,0,0,0,0,0,0,0,0,0
0,0,0,0,1,1,0,2,0,0,0,2,0,0,1,0
0,0,0,0,0,50,54,52,0,40,53,12,0,11,6,18
0,0,0,0,31,50,54,57,23,54,13,50,11,15,8,23
0,0,0,0,50,54,52,70,40,53,12,57,11,6,18,23
0,39,39,42,0,50,62,15,0,16,29,0,0,1,5,23
30,38,41,40,30,55,47,67,9,26,15,21,0,3,4,30
39,39,42,50,50,62,15,73,16,29,0,42,1,5,23,33
0,50,54,52,0,40,53,12,0,11,6,18,0,3,3,20
31,50,54,57,23,54,13,50,11,15,8,23,0,3,2,23
50,54,52,70,40,53,12,57,11,6,18,23,3,3,20,47
0,0,0,0,0,57,72,74,0,44,51,6,0,12,7,5
0,0,0,0,20,68,82,70,19,53,29,55,6,5,10,17
0,0,0,0,57,72,74,72,44,51,6,54,12,7,5,30
0,34,47,50,0,55,66,10,0,20,25,0,0,10,9,22
15,44,51,51,19,61,52,55,7,24,15,20,0,5,7,28
34,47,50,55,55,66,10,62,20,25,0,42,10,9,22,32
0,57,72,74,0,44,51,6,0,12,7,5,0,3,7,25
20,68,82,70,19,53,29,55,6,5,10,17,6,0,7,25
57,72,74,72,44,51,6,54,12,7,5,30,3,7,25,52
0,0,0,0,0,0,0,1,0,0,0,11,0,0,0,0
0,0,0,0,0,0,0,4,0,0,3,0,0,4,4,2
0,0,0,0,0,0,1,6,0,0,11,5,0,0,0,5
0,12,15,16,0,0,0,4,0,0,2,0,0,0,0,0
7,13,16,18,0,0,0,0,0,0,13,0,0,0,1,0
12,15,16,18,0,0,4,3,0,2,0,4,0,0,0,2
0,0,0,1,0,0,0,11,0,0,0,0,0,0,4,0
0,0,0,4,0,0,3,0,0,4,4,2,0,0,0,0
0,0,1,6,0,0,11,5,0,0,0,5,0,4,0,3
0,0,0,0,0,0,0,0,0,4,1,1,0,1,1,1
0,0,0,0,0,0,0,0,4,3,1,0,1,0,0,0
0,0,0,0,0,0,0,0,4,1,1,0,1,1,1,0
0,0,0,0,0,2,0,1,0,2,1,1,0,1,1,1
3,0,0,0,2,1,0,0,2,1,2,0,1,1,2,0
0,0,0,0,2,0,1,0,2,1,1,0,1,1,1,0
0,0,0,0,0,4,1,1,0,1,1,1,0,1,0,1
0,0,0,0,4,3,1,0,1,0,0,0,1,0,1,0
0,0,0,0,4,1,1,0,1,1,1,0,1,0,1,0
0,0,0,0,0,0,0,0,0,0,0,0,0,0,1,0
0,0,0,0,0,0,0,0,0,0,0,0,0,0,0,0
0,0,0,0,0,0,0,0,0,0,0,0,0,1,0,0
0,0,0,2,0,0,0,0,0,0,0,0,0,0,0,0
5,0,0,1,0,0,0,0,0,0,1,0,0,0,0,0
0,0,2,4,0,0,0,0,0,0,0,0,0,0,0,0
0,0,0,0,0,0,0,0,0,0,1,0,0,5,0,0
0,0,0,0,0,0,0,0,0,0,0,0,7,2,0,0
0,0,0,0,0,0,0,0,0,1,0,0,5,0,0,0
0,0,0,0,0,6,7,5,0,2,0,0,0,0,0,0
0,0,0,0,5,7,4,3,4,0,0,0,0,0,0,0
0,0,0,0,6,7,5,2,2,0,0,0,0,0,0,0
0,5,4,4,0,4,2,5,0,0,0,0,0,0,0,3
4,4,4,3,5,6,0,1,1,0,0,0,0,0,2,2
5,4,4,2,4,2,5,0,0,0,0,0,0,0,3,0
0,6,7,5,0,2,0,0,0,0,0,0,0,0,0,0
5,7,4,3,4,0,0,0,0,0,0,0,0,0,0,0
6,7,5,2,2,0,0,0,0,0,0,0,0,0,0,0
0,0,0,0,0,0,0,0,0,0,0,0,0,0,0,0
0,0,0,0,2,0,0,0,0,0,0,0,1,3,0,0
0,0,0,0,0,0,0,0,0,0,0,0,0,0,0,0
0,0,0,0,0,0,0,0,0,0,0,0,0,8,0,0
0,0,0,0,1,0,0,0,1,0,9,0,0,0,1,0
0,0,0,0,0,0,0,0,0,0,0,0,8,0,0,0
0,0,0,0,0,0,0,0,0,0,0,0,0,0,3,0
2,0,0,0,0,0,0,0,1,3,0,0,3,0,2,0
0,0,0,0,0,0,0,0,0,0,0,0,0,3,0,0
0,0,0,0,0,9,5,4,0,0,0,1,0,0,8,1
0,0,0,0,2,8,0,2,0,0,0,2,1,3,2,1
0,0,0,0,9,5,4,3,0,0,1,4,0,8,1,3
0,8,11,8,0,2,0,0,0,0,2,2,0,7,1,5
0,10,10,8,0,0,3,0,0,1,2,2,4,12,2,6
8,11,8,0,2,0,0,7,0,2,2,6,7,1,5,4
0,9,5,4,0,0,0,1,0,0,8,1,0,8,0,0
2,8,0,2,0,0,0,2,1,3,2,1,4,0,0,0
9,5,4,3,0,0,1,4,0,8,1,3,8,0,0,0
0,0,0,0,0,7,8,9,0,6,7,7,0,3,4,5
0,0,0,0,2,8,9,8,3,8,7,4,1,3,4,3
0,0,0,0,7,8,9,8,6,7,7,6,3,4,5,4
0,5,6,9,0,8,7,7,0,4,5,5,0,3,3,5
2,6,8,4,2,9,7,6,2,5,6,2,1,8,3,5
5,6,9,5,8,7,7,7,4,5,5,4,3,3,5,6
0,7,8,9,0,6,7,7,0,3,4,5,0,9,2,2
2,8,9,8,3,8,7,4,1,3,4,3,5,5,2,3
7,8,9,8,6,7,7,6,3,4,5,4,9,2,2,2
0,0,0,0,0,26,34,42,0,29,34,21,0,11,20,6
0,0,0,0,22,30,32,35,22,35,17,22,9,12,12,5
0,0,0,0,26,34,42,21,29,34,21,19,11,20,6,2
0,4,4,5,0,27,39,29,0,9,14,9,0,19,10,19
10,5,5,4,25,36,24,32,5,12,16,28,4,12,11,20
4,4,5,1,27,39,29,22,9,14,9,10,19,10,19,14
0,26,34,42,0,29,34,21,0,11,20,6,0,8,13,19
22,30,32,35,22,35,17,22,9,12,12,5,12,12,10,16
26,34,42,21,29,34,21,19,11,20,6,2,8,13,19,18
0,0,0,0,0,0,0,0,0,0,0,0,0,0,0,0
0,0,0,0,0,0,0,0,0,0,0,0,0,1,0,0
0,0,0,0,0,0,0,0,0,0,0,0,0,0,0,0
0,0,0,0,0,0,0,0,0,0,0,0,0,0,0,0
0,0,0,0,0,0,0,0,0,0,0,0,0,0,0,0
0,0,0,0,0,0,0,0,0,0,0,0,0,0,0,0
0,0,0,0,0,0,0,0,0,0,0,0,0,0,0,0
0,0,0,0,0,0,0,0,0,1,0,0,0,0,0,0
0,0,0,0,0,0,0,0,0,0,0,0,0,0,0,0
0,0,0,0,0,0,0,0,0,0,1,0,0,0,0,0
0,0,0,0,0,0,0,0,0,0,0,0,0,0,0,0
0,0,0,0,0,0,0,0,0,1,0,0,0,0,0,0
0,0,0,0,0,0,0,1,0,0,0,0,0,0,0,0
0,0,0,0,0,0,1,0,0,0,0,0,0,2,0,0
0,0,0,0,0,0,1,0,0,0,0,0,0,0,0,0
0,0,0,0,0,0,1,0,0,0,0,0,0,4,0,0
0,0,0,0,0,0,0,0,0,0,0,0,1,1,1,0
0,0,0,0,0,1,0,0,0,0,0,0,4,0,0,0
0,0,0,0,0,16,12,13,0,11,5,0,0,4,0,6
0,0,0,0,3,12,9,21,3,9,13,6,2,2,0,5
0,0,0,0,16,12,13,13,11,5,0,5,4,0,6,1
0,10,4,4,0,14,11,14,0,10,7,5,0,0,0,8
1,4,2,6,4,12,13,12,3,5,13,9,1,0,2,7
10,4,4,1,14,11,14,12,10,7,5,5,0,0,8,6
0,16,12,13,0,11,5,0,0,4,0,6,0,0,0,6
3,12,9,21,3,9,13,6,2,2,0,5,1,0,0,0
16,12,13,13,11,5,0,5,4,0,6,1,0,0,6,6
0,0,0,0,0,0,0,0,0,0,0,0,0,1,11,1
0,0,0,0,2,0,0,0,0,0,0,0,0,0,0,0
0,0,0,0,0,0,0,0,0,0,0,0,1,11,1,0
0,1,0,0,0,0,0,0,0,1,0,0,0,0,0,0
2,0,0,0,0,0,0,0,0,0,0,0,0,2,0,0
1,0,0,0,0,0,0,0,1,0,0,0,0,0,0,0
0,0,0,0,0,0,0,0,0,1,11,1,0,0,0,0
2,0,0,0,0,0,0,0,0,0,0,0,0,0,1,1
0,0,0,0,0,0,0,0,1,11,1,0,0,0,0,0
0,0,0,0,0,0,2,2,0,0,4,2,0,0,1,1
0,0,0,0,0,2,0,2,0,3,2,1,0,0,1,0
0,0,0,0,0,2,2,3,0,4,2,2,0,1,1,0
0,1,3,2,0,1,4,4,0,0,1,2,0,0,0,3
0,2,3,2,0,4,4,3,0,0,2,0,0,1,2,1
1,3,2,1,1,4,4,4,0,1,2,1,0,0,3,1
0,0,2,2,0,0,4,2,0,0,1,1,0,0,0,0
0,2,0,2,0,3,2,1,0,0,1,0,0,0,0,0
0,2,2,3,0,4,2,2,0,1,1,0,0,0,0,2
0,0,0,0,0,33,43,45,0,21,21,0,0,6,13,0
0,0,0,0,0,37,46,41,0,25,16,26,0,4,0,8
0,0,0,0,33,43,45,43,21,21,0,28,6,13,0,16
0,23,30,28,0,27,29,5,0,9,7,0,0,17,7,12
1,29,29,31,0,29,21,21,0,2,4,14,0,15,6,16
23,30,28,38,27,29,5,35,9,7,0,20,17,7,12,19
0,33,43,45,0,21,21,0,0,6,13,0,0,10,7,13
0,37,46,41,0,25,16,26,0,4,0,8,7,7,4,16
33,43,45,43,21,21,0,28,6,13,0,16,10,7,13,26
0,0,0,0,0,3,5,3,0,2,2,1,0,2,1,0
0,0,0,0,1,5,5,7,2,3,1,0,2,0,1,2
0,0,0,0,3,5,3,2,2,2,1,0,2,1,0,0
0,0,2,2,0,2,2,4,0,2,1,1,0,0,0,0
0,0,2,3,2,4,2,3,3,1,0,2,1,0,0,2
0,2,2,4,2,2,4,0,2,1,1,0,0,0,0,0
0,3,5,3,0,2,2,1,0,2,1,0,0,1,0,1
1,5,5,7,2,3,1,0,2,0,1,2,1,1,2,1
3,5,3,2,2,2,1,0,2,1,0,0,1,0,1,0
0,0,0,0,0,1,2,4,0,3,2,5,0,1,0,1
0,0,0,0,2,2,5,1,6,2,4,0,2,1,0,0
0,0,0,0,1,2,4,1,3,2,5,0,1,0,1,0
0,0,0,0,0,1,2,6,0,1,0,3,0,0,0,0
0,0,0,0,4,2,6,0,5,1,2,0,1,1,1,0
0,0,0,0,1,2,6,0,1,0,3,0,0,0,0,0
0,1,2,4,0,3,2,5,0,1,0,1,0,0,1,2
2,2,5,1,6,2,4,0,2,1,0,0,0,0,2,2
1,2,4,1,3,2,5,0,1,0,1,0,0,1,2,0
0,0,0,0,0,0,0,0,0,0,0,0,0,0,0,0
0,0,0,0,0,0,0,0,0,0,0,0,0,0,0,0
0,0,0,0,0,0,0,0,0,0,0,0,0,0,0,0
0,0,0,0,0,0,0,0,0,0,0,0,0,0,0,0
0,0,0,0,0,0,0,0,0,0,0,0,1,0,0,0
0,0,0,0,0,0,0,0,0,0,0,0,0,0,0,0
0,0,0,0,0,0,0,0,0,0,0,0,0,0,0,0
0,0,0,0,0,0,0,0,0,0,0,0,0,0,0,0
0,0,0,0,0,0,0,0,0,0,0,0,0,0,0,0
0,0,0,0,0,42,53,57,0,49,54,30,0,8,12,15
0,0,0,0,37,50,55,57,39,51,29,49,13,18,5,20
0,0,0,0,42,53,57,60,49,54,30,50,8,12,15,23
0,28,32,37,0,55,62,31,0,20,30,8,0,17,3,23
26,31,33,39,44,61,59,57,19,24,17,24,8,19,5,25
28,32,37,42,55,62,31,61,20,30,8,35,17,3,23,25
0,42,53,57,0,49,54,30,0,8,12,15,0,11,4,22
37,50,55,57,39,51,29,49,13,18,5,20,12,7,4,25
42,53,57,60,49,54,30,50,8,12,15,23,11,4,22,37
0,0,0,0,0,1,4,6,0,5,4,2,0,0,5,0
0,0,0,0,0,2,6,2,3,3,4,3,2,3,0,0
0,0,0,0,1,4,6,6,5,4,2,3,0,5,0,2
0,0,4,5,0,1,3,6,0,7,4,0,0,3,1,0
0,3,5,4,0,1,4,4,0,2,0,7,5,5,0,0
0,4,5,6,1,3,6,3,7,4,0,2,3,1,0,1
0,1,4,6,0,5,4,2,0,0,5,0,0,5,1,3
0,2,6,2,3,3,4,3,2,3,0,0,6,2,1,1
1,4,6,6,5,4,2,3,0,5,0,2,5,1,3,2
0,0,0,0,0,0,1,1,0,1,3,0,0,1,0,0
0,0,0,0,1,0,3,0,1,1,2,2,1,2,0,0
0,0,0,0,0,1,1,0,1,3,0,0,1,0,0,0
0,0,0,0,0,0,1,0,0,1,1,1,0,1,2,0
1,0,0,0,0,0,0,0,1,1,0,2,3,1,1,0
0,0,0,0,0,1,0,0,1,1,1,0,1,2,0,0
0,0,1,1,0,1,3,0,0,1,0,0,0,1,1,0
1,0,3,0,1,1,2,2,1,2,0,0,0,1,0,1
0,1,1,0,1,3,0,0,1,0,0,0,1,1,0,0
0,0,0,0,0,1,0,0,0,0,0,0,0,1,0,0
0,0,0,0,1,0,0,0,2,0,0,0,0,0,1,1
0,0,0,0,1,0,0,2,0,0,0,0,1,0,0,0
0,7,3,4,0,1,0,0,0,1,0,0,0,1,0,0
4,3,3,4,1,0,0,0,1,0,2,0,0,0,3,1
7,3,4,1,1,0,0,0,1,0,0,0,1,0,0,1
0,1,0,0,0,0,0,0,0,1,0,0,0,0,0,0
1,0,0,0,2,0,0,0,0,0,1,1,0,0,2,0
1,0,0,2,0,0,0,0,1,0,0,0,0,0,0,1
0,0,0,0,0,77,79,68,0,56,64,14,0,17,13,27
0,0,0,0,36,79,77,82,27,60,32,67,12,13,20,32
0,0,0,0,77,79,68,72,56,64,14,56,17,13,27,31
0,57,58,60,0,79,81,27,0,29,31,15,0,13,16,32
20,56,58,62,37,82,64,70,15,30,20,32,5,19,19,43
57,58,60,58,79,81,27,74,29,31,15,44,13,16,32,38
0,77,79,68,0,56,64,14,0,17,13,27,0,13,14,22
36,79,77,82,27,60,32,67,12,13,20,32,6,11,14,28
77,79,68,72,56,64,14,56,17,13,27,31,13,14,22,39
0,0,0,0,0,2,5,3,0,4,4,3,0,2,3,1
0,0,0,0,0,4,2,9,1,5,3,4,1,1,3,1
0,0,0,0,2,5,3,4,4,4,3,4,2,3,1,2
0,0,2,2,0,4,7,5,0,3,2,2,0,2,1,1
2,1,2,4,1,7,4,8,2,3,2,2,1,4,1,4
0,2,2,3,4,7,5,4,3,2,2,3,2,1,1,4
0,2,5,3,0,4,4,3,0,2,3,1,0,1,1,0
0,4,2,9,1,5,3,4,1,1,3,1,4,1,0,1
2,5,3,4,4,4,3,4,2,3,1,2,1,1,0,2
0,0,0,0,0,5,7,11,0,14,8,11,0,4,5,8
0,0,0,0,25,3,12,6,28,12,1,19,10,0,10,1
0,0,0,0,5,7,11,6,14,8,11,2,4,5,8,0
0,0,0,2,0,9,6,15,0,6,2,15,0,8,6,11
13,0,0,2,28,7,5,13,11,7,5,6,2,0,7,5
0,0,2,13,9,6,15,1,6,2,15,1,8,6,11,2
0,5,7,11,0,14,8,11,0,4,5,8,0,3,11,17
25,3,12,6,28,12,1,19,10,0,10,1,8,9,10,7
5,7,11,6,14,8,11,2,4,5,8,0,3,11,17,7
0,0,0,0,0,4,11,9,0,16,23,6,0,3,7,0
0,0,0,0,5,7,16,10,8,21,33,10,1,7,6,0
0,0,0,0,4,11,9,20,16,23,6,23,3,7,0,9
0,0,0,0,0,10,26,17,0,12,20,8,0,10,10,4
0,0,0,0,7,19,33,14,4,15,10,17,0,11,2,6
0,0,0,0,10,26,17,25,12,20,8,15,10,10,4,10
0,4,11,9,0,16,23,6,0,3,7,0,0,8,5,5
5,7,16,10,8,21,33,10,1,7,6,0,13,7,5,5
4,11,9,20,16,23,6,23,3,7,0,9,8,5,5,9
0,0,0,0,0,26,31,44,0,31,42,11,0,9,0,7
0,0,0,0,13,29,33,35,16,38,4,26,5,0,0,10
0,0,0,0,26,31,44,43,31,42,11,40,9,0,7,11
0,8,8,10,0,36,44,18,0,7,18,0,0,0,0,10
7,10,9,10,17,38,29,39,4,12,4,21,0,0,1,20
8,8,10,19,36,44,18,47,7,18,0,24,0,0,10,22
0,26,31,44,0,31,42,11,0,9,0,7,0,6,0,16
13,29,33,35,16,38,4,26,5,0,0,10,2,4,0,15
26,31,44,43,31,42,11,40,9,0,7,11,6,0,16,40
0,0,0,0,0,17,18,26,0,17,17,10,0,5,1,6
0,0,0,0,11,20,16,23,11,22,3,19,2,4,3,7
0,0,0,0,17,18,26,14,17,17,10,14,5,1,6,6
0,6,5,4,0,18,25,20,0,7,12,17,0,0,6,11
4,6,4,3,12,22,16,30,3,12,8,17,0,0,5,9
6,5,4,0,18,25,20,16,7,12,17,7,0,6,11,7
0,17,18,26,0,17,17,10,0,5,1,6,0,1,6,9
11,20,16,23,11,22,3,19,2,4,3,7,1,5,9,9
17,18,26,14,17,17,10,14,5,1,6,6,1,6,9,13
0,0,0,0,0,19,21,23,0,21,24,11,0,9,11,8
0,0,0,0,7,20,22,28,15,21,27,18,5,16,8,5
0,0,0,0,19,21,23,30,21,24,11,20,9,11,8,1
0,13,9,10,0,21,27,17,0,16,15,12,0,13,13,11
5,9,10,12,13,24,31,18,12,14,14,12,5,18,13,11
13,9,10,18,21,27,17,27,16,15,12,10,13,13,11,16
0,19,21,23,0,21,24,11,0,9,11,8,0,11,13,9
7,20,22,28,15,21,27,18,5,16,8,5,5,12,13,18
19,21,23,30,21,24,11,20,9,11,8,1,11,13,9,21
0,0,0,0,0,5,5,4,0,6,3,6,0,1,1,2
0,0,0,0,1,5,6,3,4,4,5,5,1,5,1,2
0,0,0,0,5,5,4,6,6,3,6,5,1,1,2,4
0,0,0,0,0,6,7,6,0,3,3,6,0,1,2,2
0,0,0,0,4,6,6,5,2,3,1,3,3,1,2,3
0,0,0,3,6,7,6,6,3,3,6,4,1,2,2,4
0,5,5,4,0,6,3,6,0,1,1,2,0,1,1,2
1,5,6,3,4,4,5,5,1,5,1,2,0,2,1,1
5,5,4,6,6,3,6,5,1,1,2,4,1,1,2,0
0,0,0,0,0,14,9,10,0,8,21,15,0,0,0,4
0,0,0,0,11,12,7,19,6,15,0,16,5,1,0,8
0,0,0,0,14,9,10,12,8,21,15,17,0,0,4,0
0,8,1,5,0,15,18,7,0,0,2,5,0,5,0,12
11,4,4,5,9,18,6,26,0,5,0,18,0,6,0,14
8,1,5,0,15,18,7,20,0,2,5,8,5,0,12,9
0,14,9,10,0,8,21,15,0,0,0,4,0,0,0,10
11,12,7,19,6,15,0,16,5,1,0,8,0,0,0,5
14,9,10,12,8,21,15,17,0,0,4,0,0,0,10,14
0,0,0,0,0,0,0,0,0,0,0,0,0,0,0,0
0,0,0,0,0,0,0,0,0,0,0,0,0,0,0,0
0,0,0,0,0,0,0,0,0,0,0,0,0,0,0,0
0,0,0,1,0,0,0,0,0,0,0,1,0,0,0,0
0,0,0,2,0,0,0,0,0,0,1,0,0,0,0,0
0,0,1,2,0,0,0,0,0,0,1,0,0,0,0,0
0,0,0,0,0,0,0,0,0,0,0,0,0,0,0,0
0,0,0,0,0,0,0,0,0,0,0,0,0,0,0,0
0,0,0,0,0,0,0,0,0,0,0,0,0,0,0,0
0,0,0,0,0,0,0,0,0,0,2,0,0,6,1,0
0,0,0,0,12,0,0,0,3,1,0,1,0,5,3,0
0,0,0,0,0,0,0,2,0,2,0,5,6,1,0,3
0,0,0,0,0,0,0,14,0,0,3,4,0,6,0,7
14,0,0,0,8,0,0,0,0,1,0,5,5,1,0,8
0,0,0,0,0,0,14,5,0,3,4,3,6,0,7,4
0,0,0,0,0,0,2,0,0,6,1,0,0,0,0,1
12,0,0,0,3,1,0,1,0,5,3,0,4,0,0,0
0,0,0,2,0,2,0,5,6,1,0,3,0,0,1,3
0,0,0,0,0,55,57,61,0,57,67,6,0,17,6,11
0,0,0,0,15,58,63,64,24,63,17,66,11,10,11,20
0,0,0,0,55,57,61,66,57,67,6,56,17,6,11,22
0,40,40,44,0,67,71,20,0,25,30,9,0,7,7,27
11,39,43,44,25,68,63,59,13,26,10,26,1,9,10,36
40,40,44,46,67,71,20,69,25,30,9,36,7,7,27,36
0,55,57,61,0,57,67,6,0,17,6,11,0,6,9,24
15,58,63,64,24,63,17,66,11,10,11,20,1,7,13,29
55,57,61,66,57,67,6,56,17,6,11,22,6,9,24,50
0,0,0,0,0,27,35,32,0,26,28,11,0,5,15,1
0,0,0,0,6,33,34,29,6,27,19,19,1,5,7,14
0,0,0,0,27,35,32,31,26,28,11,28,5,15,1,16
0,12,22,21,0,27,36,20,0,15,15,2,0,0,5,9
3,20,22,22,7,34,26,24,6,11,8,20,0,15,6,13
12,22,21,22,27,36,20,32,15,15,2,19,0,5,9,18
0,27,35,32,0,26,28,11,0,5,15,1,0,10,4,0
6,33,34,29,6,27,19,19,1,5,7,14,1,8,1,11
27,35,32,31,26,28,11,28,5,15,1,16,10,4,0,10
0,0,0,0,0,60,58,63,0,58,53,18,0,24,21,20
0,0,0,0,44,59,53,62,37,56,36,57,14,10,18,28
0,0,0,0,60,58,63,49,58,53,18,52,24,21,20,21
0,29,29,31,0,68,65,40,0,30,36,23,0,15,11,35
31,28,29,28,44,67,65,66,18,32,20,41,4,28,11,30
29,29,31,26,68,65,40,56,30,36,23,33,15,11,35,28
0,60,58,63,0,58,53,18,0,24,21,20,0,25,4,22
44,59,53,62,37,56,36,57,14,10,18,28,17,11,9,28
60,58,63,49,58,53,18,52,24,21,20,21,25,4,22,39
0,0,0,0,0,4,12,7,0,3,5,0,0,0,5,0
0,0,0,0,0,7,12,7,0,6,1,4,0,0,0,4
0,0,0,0,4,12,7,14,3,5,0,14,0,5,0,10
0,0,1,2,0,4,10,5,0,7,0,0,0,10,0,0
0,1,1,2,0,8,7,1,0,4,3,2,0,2,0,5
0,1,2,6,4,10,5,12,7,0,0,4,10,0,0,7
0,4,12,7,0,3,5,0,0,0,5,0,0,0,0,0
0,7,12,7,0,6,1,4,0,0,0,4,5,0,0,5
4,12,7,14,3,5,0,14,0,5,0,10,0,0,0,1
0,0,0,0,0,0,1,1,0,4,3,2,0,3,1,0
0,0,0,0,0,0,2,1,1,5,2,4,1,1,0,1
0,0,0,0,0,1,1,1,4,3,2,1,3,1,0,1
0,0,1,1,0,2,4,3,0,4,2,0,0,1,1,0
0,0,2,1,1,2,3,2,2,3,0,1,0,2,1,1
0,1,1,2,2,4,3,1,4,2,0,1,1,1,0,1
0,0,1,1,0,4,3,2,0,3,1,0,0,0,1,2
0,0,2,1,1,5,2,4,1,1,0,1,0,0,1,2
0,1,1,1,4,3,2,1,3,1,0,1,0,1,2,1
0,0,0,0,0,0,0,0,0,0,0,0,0,2,2,1
0,0,0,0,3,0,0,0,1,0,0,0,1,3,1,0
0,0,0,0,0,0,0,0,0,0,0,0,2,2,1,1
0,2,3,2,0,0,0,0,0,0,0,1,0,1,1,0
2,2,3,0,2,0,0,0,1,0,1,1,1,2,2,0
2,3,2,0,0,0,0,0,0,0,1,0,1,1,0,0
0,0,0,0,0,0,0,0,0,2,2,1,0,1,0,0
3,0,0,0,1,0,0,0,1,3,1,0,0,1,1,0
0,0,0,0,0,0,0,0,2,2,1,1,1,0,0,0
0,0,0,0,0,5,5,7,0,4,2,1,0,2,1,3
0,0,0,0,4,6,7,2,3,2,0,2,2,1,0,2
0,0,0,0,5,5,7,1,4,2,1,0,2,1,3,0
0,1,3,5,0,6,4,4,0,2,2,1,0,1,1,3
3,2,4,1,4,4,4,2,2,0,0,1,1,0,0,2
1,3,5,0,6,4,4,3,2,2,1,1,1,1,3,1
0,5,5,7,0,4,2,1,0,2,1,3,0,0,0,1
4,6,7,2,3,2,0,2,2,1,0,2,0,0,0,0
5,5,7,1,4,2,1,0,2,1,3,0,0,0,1,2
0,0,0,0,0,15,23,22,0,7,19,10,0,0,9,7
0,0,0,0,12,19,21,21,9,15,0,28,3,3,2,7
0,0,0,0,15,23,22,20,7,19,10,9,0,9,7,2
0,11,12,12,0,12,23,0,0,1,1,12,0,10,4,11
9,11,12,14,10,17,15,15,2,2,6,5,0,9,8,12
11,12,12,15,12,23,0,17,1,1,12,7,10,4,11,6
0,15,23,22,0,7,19,10,0,0,9,7,0,10,10,9
12,19,21,21,9,15,0,28,3,3,2,7,14,10,9,0
15,23,22,20,7,19,10,9,0,9,7,2,10,10,9,19
0,0,0,0,0,3,3,6,0,9,4,14,0,5,2,3
0,0,0,0,5,2,4,2,6,7,2,8,3,2,3,3
0,0,0,0,3,3,6,4,9,4,14,8,5,2,3,2
0,0,0,1,0,8,8,9,0,6,3,5,0,1,2,3
2,0,0,0,5,9,16,8,5,7,0,4,2,1,3,3
0,0,1,0,8,8,9,5,6,3,5,1,1,2,3,5
0,3,3,6,0,9,4,14,0,5,2,3,0,1,1,3
5,2,4,2,6,7,2,8,3,2,3,3,1,1,2,3
3,3,6,4,9,4,14,8,5,2,3,2,1,1,3,2
0,0,0,0,0,3,1,3,0,4,2,15,0,5,21,1
0,0,0,0,3,2,3,0,4,3,29,1,4,14,6,0
0,0,0,0,3,1,3,0,4,2,15,0,5,21,1,0
0,3,2,3,0,4,4,17,0,14,10,14,0,21,6,3
3,3,3,0,5,3,3,1,7,9,22,6,5,13,6,0
3,2,3,0,4,4,17,0,14,10,14,0,21,6,3,0
0,3,1,3,0,4,2,15,0,5,21,1,0,10,10,2
3,2,3,0,4,3,29,1,4,14,6,0,8,10,4,4
3,1,3,0,4,2,15,0,5,21,1,0,10,10,2,1
0,0,0,0,0,0,0,0,0,0,5,0,0,0,1,0
0,0,0,0,0,0,0,0,11,0,6,8,7,4,2,0
0,0,0,0,0,0,0,0,0,5,0,2,0,1,0,4
0,0,0,0,0,0,3,2,0,5,9,5,0,5,1,0
0,0,0,0,6,0,9,1,9,12,11,7,0,0,0,0
0,0,0,1,0,3,2,1,5,9,5,1,5,1,0,1
0,0,0,0,0,0,5,0,0,0,1,0,0,3,3,5
0,0,0,0,11,0,6,8,7,4,2,0,7,3,4,1
0,0,0,0,0,5,0,2,0,1,0,4,3,3,5,0
0,0,0,0,0,3,2,3,0,3,2,2,0,0,0,3
0,0,0,0,18,3,2,2,12,3,0,0,4,0,0,0
0,0,0,0,3,2,3,5,3,2,2,4,0,0,3,1
0,13,15,17,0,4,1,3,0,1,2,0,0,2,0,1
20,15,16,16,15,3,1,3,3,1,0,0,0,0,2,1
13,15,17,18,4,1,3,4,1,2,0,4,2,0,1,0
0,3,2,3,0,3,2,2,0,0,0,3,0,0,1,5
18,3,2,2,12,3,0,0,4,0,0,0,2,1,1,2
3,2,3,5,3,2,2,4,0,0,3,1,0,1,5,7
0,0,0,0,0,0,0,0,0,1,0,0,0,0,0,0
0,0,0,0,0,0,0,0,1,0,0,0,0,0,0,0
0,0,0,0,0,0,0,0,1,0,0,0,0,0,0,0
0,0,0,0,0,0,0,0,0,2,0,0,0,0,0,0
0,0,0,0,0,0,0,0,2,0,0,0,0,0,0,0
0,0,0,0,0,0,0,0,2,0,0,0,0,0,0,0
0,0,0,0,0,1,0,0,0,0,0,0,0,1,0,0
0,0,0,0,1,0,0,0,0,0,0,0,1,0,0,0
0,0,0,0,1,0,0,0,0,0,0,0,1,0,0,1
0,0,0,0,0,5,4,6,0,3,3,2,0,0,2,0
0,0,0,0,5,6,3,5,3,3,2,3,2,0,4,1
0,0,0,0,5,4,6,0,3,3,2,0,0,2,0,0
0,4,3,4,0,6,5,7,0,2,0,3,0,5,6,3
4,3,4,4,5,6,4,5,3,0,1,2,2,6,3,5
4,3,4,0,6,5,7,1,2,0,3,0,5,6,3,0
0,5,4,6,0,3,3,2,0,0,2,0,0,4,4,2
5,6,3,5,3,3,2,3,2,0,4,1,4,8,2,2
5,4,6,0,3,3,2,0,0,2,0,0,4,4,2,0
0,0,0,0,0,39,44,45,0,20,23,7,0,10,10,9
0,0,0,0,21,44,41,45,7,21,3,21,7,6,10,14
0,0,0,0,39,44,45,27,20,23,7,17,10,10,9,6
0,29,32,35,0,31,28,9,0,8,11,0,0,10,5,14
19,32,33,35,14,35,24,25,4,7,2,14,9,11,7,14
29,32,35,22,31,28,9,22,8,11,0,11,10,5,14,11
0,39,44,45,0,20,23,7,0,10,10,9,0,8,5,1
21,44,41,45,7,21,3,21,7,6,10,14,10,3,2,15
39,44,45,27,20,23,7,17,10,10,9,6,8,5,1,12
0,0,0,0,0,0,0,0,0,0,0,1,0,0,0,1
0,0,0,0,2,0,0,0,1,1,1,0,1,0,1,0
0,0,0,0,0,0,0,0,0,0,1,0,0,0,1,0
0,0,0,0,0,0,0,0,0,0,0,1,0,0,1,0
2,0,0,0,1,0,0,0,1,0,0,0,0,0,1,0
0,0,0,0,0,0,0,0,0,0,1,0,0,1,0,0
0,0,0,0,0,0,0,1,0,0,0,1,0,0,0,0
2,0,0,0,1,1,1,0,1,0,1,0,0,0,0,0
0,0,0,0,0,0,1,0,0,0,1,0,0,0,0,0
0,0,0,0,0,1,1,1,0,5,3,7,0,2,2,3
0,0,0,0,3,2,0,2,6,5,4,5,5,2,2,2
0,0,0,0,1,1,1,1,5,3,7,1,2,2,3,0
0,0,0,0,0,2,1,12,0,4,3,5,0,0,0,0
0,0,0,0,5,3,4,1,5,9,6,1,1,1,2,0
0,0,0,0,2,1,12,0,4,3,5,1,0,0,0,0
0,1,1,1,0,5,3,7,0,2,2,3,0,1,1,1
3,2,0,2,6,5,4,5,5,2,2,2,0,1,1,0
1,1,1,1,5,3,7,1,2,2,3,0,1,1,1,1
0,0,0,0,0,0,0,0,0,0,0,0,0,3,9,7
0,0,0,0,1,0,0,0,4,0,0,0,3,0,0,0
0,0,0,0,0,0,0,0,0,0,0,0,3,9,7,0
0,0,0,0,0,0,0,0,0,0,0,0,0,2,3,2
0,0,0,0,4,0,0,0,0,0,3,0,0,5,7,0
0,0,0,0,0,0,0,0,0,0,0,0,2,3,2,0
0,0,0,0,0,0,0,0,0,3,9,7,0,6,5,9
1,0,0,0,4,0,0,0,3,0,0,0,0,9,4,0
0,0,0,0,0,0,0,0,3,9,7,0,6,5,9,0
0,0,0,0,0,0,0,0,0,0,0,0,0,0,0,0
0,0,0,0,0,0,0,0,0,0,0,0,0,0,0,0
0,0,0,0,0,0,0,0,0,0,0,0,0,0,0,0
0,0,0,0,0,0,0,0,0,0,0,0,0,0,0,0
0,0,0,2,0,0,0,0,0,0,0,0,0,0,0,0
0,0,0,13,0,0,0,0,0,0,0,0,0,0,0,0
0,0,0,0,0,0,0,0,0,0,0,0,0,0,0,0
0,0,0,0,0,0,0,0,0,0,0,0,0,0,0,0
0,0,0,0,0,0,0,0,0,0,0,0,0,0,0,0
0,0,0,0,0,7,7,8,0,6,1,8,0,4,1,3
0,0,0,0,17,8,10,3,9,2,6,3,2,0,2,0
0,0,0,0,7,7,8,2,6,1,8,0,4,1,3,2
0,10,13,13,0,6,2,9,0,11,5,2,0,1,0,5
16,12,13,10,13,3,3,2,2,7,0,4,5,1,0,6
10,13,13,4,6,2,9,0,11,5,2,1,1,0,5,0
0,7,7,8,0,6,1,8,0,4,1,3,0,0,0,3
17,8,10,3,9,2,6,3,2,0,2,0,0,0,0,0
7,7,8,2,6,1,8,0,4,1,3,2,0,0,3,0
0,0,0,0,0,24,25,20,0,14,11,7,0,8,5,11
0,0,0,0,26,25,19,26,20,15,0,20,9,5,7,9
0,0,0,0,24,25,20,20,14,11,7,10,8,5,11,6
0,21,25,23,0,19,17,5,0,8,4,3,0,4,7,17
19,24,25,25,25,19,9,19,11,3,2,11,5,7,13,15
21,25,23,17,19,17,5,13,8,4,3,8,4,7,17,11
0,24,25,20,0,14,11,7,0,8,5,11,0,5,5,12
26,25,19,26,20,15,0,20,9,5,7,9,1,3,8,3
24,25,20,20,14,11,7,10,8,5,11,6,5,5,12,9
0,0,0,0,0,4,4,5,0,1,3,1,0,0,8,1
0,0,0,0,13,4,4,3,11,3,4,4,7,0,4,0
0,0,0,0,4,4,5,3,1,3,1,2,0,8,1,0
0,3,2,2,0,2,2,7,0,2,4,2,0,8,7,0
10,2,1,0,15,3,1,0,9,0,3,13,5,14,2,1
3,2,2,0,2,2,7,1,2,4,2,0,8,7,0,0
0,4,4,5,0,1,3,1,0,0,8,1,0,10,10,9
13,4,4,3,11,3,4,4,7,0,4,0,7,10,4,1
4,4,5,3,1,3,1,2,0,8,1,0,10,10,9,0
0,0,0,0,0,7,14,11,0,0,0,0,0,0,0,1
0,0,0,0,24,11,7,8,9,0,0,0,2,0,1,0
0,0,0,0,7,14,11,8,0,0,0,3,0,0,1,0
0,2,0,0,0,1,0,0,0,0,0,0,0,0,0,9
15,0,0,0,16,0,0,2,0,0,1,0,0,0,1,2
2,0,0,0,1,0,0,3,0,0,0,3,0,0,9,3
0,7,14,11,0,0,0,0,0,0,0,1,0,0,0,6
24,11,7,8,9,0,0,0,2,0,1,0,0,0,1,0
7,14,11,8,0,0,0,3,0,0,1,0,0,0,6,5
0,0,0,0,0,0,0,0,0,0,0,13,0,0,16,0
0,0,0,0,0,0,0,0,0,0,0,0,0,0,2,2
0,0,0,0,0,0,0,0,0,0,13,0,0,16,0,0
0,0,0,0,0,0,0,15,0,3,0,7,0,5,0,0
0,0,0,0,0,0,0,0,1,2,11,0,0,14,2,0
0,0,0,0,0,0,15,0,3,0,7,0,5,0,0,0
0,0,0,0,0,0,0,13,0,0,16,0,0,3,0,0
0,0,0,0,0,0,0,0,0,0,2,2,3,0,0,2
0,0,0,0,0,0,13,0,0,16,0,0,3,0,0,0
0,0,0,0,0,0,0,0,0,0,0,1,0,2,3,0
0,0,0,0,1,0,0,0,0,1,0,4,0,0,0,0
0,0,0,0,0,0,0,0,0,0,1,3,2,3,0,1
0,0,0,0,0,1,0,0,0,6,0,0,0,0,0,6
0,0,0,0,1,0,0,0,6,1,4,2,0,1,2,0
0,0,0,0,1,0,0,1,6,0,0,3,0,0,6,1
0,0,0,0,0,0,0,1,0,2,3,0,0,0,3,3
1,0,0,0,0,1,0,4,0,0,0,0,0,0,1,0
0,0,0,0,0,0,1,3,2,3,0,1,0,3,3,0
0,0,0,0,0,11,14,13,0,8,9,10,0,4,4,6
0,0,0,0,7,13,13,13,6,9,10,8,3,4,4,7
0,0,0,0,11,14,13,7,8,9,10,4,4,4,6,3
0,6,5,5,0,11,12,11,0,4,5,8,0,2,3,6
5,6,5,5,7,14,14,14,2,7,6,8,2,2,4,7
6,5,5,2,11,12,11,6,4,5,8,3,2,3,6,3
0,11,14,13,0,8,9,10,0,4,4,6,0,2,2,4
7,13,13,13,6,9,10,8,3,4,4,7,1,2,3,5
11,14,13,7,8,9,10,4,4,4,6,3,2,2,4,2
0,0,0,0,0,2,4,3,0,0,2,8,0,0,1,0
0,0,0,0,0,2,5,2,0,0,0,0,0,3,0,0
0,0,0,0,2,4,3,7,0,2,8,4,0,1,0,3
0,0,0,0,0,2,3,4,0,0,7,0,0,6,0,0
0,0,0,0,0,2,2,0,0,1,0,1,1,6,0,1
0,0,0,2,2,3,4,5,0,7,0,2,6,0,0,3
0,2,4,3,0,0,2,8,0,0,1,0,0,6,0,1
0,2,5,2,0,0,0,0,0,3,0,0,7,1,0,3
2,4,3,7,0,2,8,4,0,1,0,3,6,0,1,3
0,0,0,0,0,4,6,6,0,6,5,22,0,2,14,4
0,0,0,0,4,5,6,2,8,7,6,6,4,8,7,1
0,0,0,0,4,6,6,2,6,5,22,2,2,14,4,2
0,0,0,0,0,5,8,7,0,6,5,10,0,2,9,3
0,0,0,0,9,7,7,3,7,5,10,5,4,15,7,1
0,0,0,1,5,8,7,3,6,5,10,1,2,9,3,1
0,4,6,6,0,6,5,22,0,2,14,4,0,17,3,2
4,5,6,2,8,7,6,6,4,8,7,1,5,8,8,2
4,6,6,2,6,5,22,2,2,14,4,2,17,3,2,0
0,0,0,0,0,6,5,4,0,7,2,6,0,2,0,2
0,0,0,0,3,6,4,5,1,4,4,11,0,6,0,12
0,0,0,0,6,5,4,7,7,2,6,4,2,0,2,2
0,10,13,14,0,11,4,4,0,2,0,1,0,6,1,0
1,11,12,16,2,8,6,3,3,0,5,1,5,0,0,1
10,13,14,9,11,4,4,7,2,0,1,9,6,1,0,3
0,6,5,4,0,7,2,6,0,2,0,2,0,1,1,0
3,6,4,5,1,4,4,11,0,6,0,12,1,1,0,0
6,5,4,7,7,2,6,4,2,0,2,2,1,1,0,0
0,0,0,0,0,0,0,0,0,0,0,0,0,0,0,0
0,0,0,0,6,0,0,0,0,0,0,9,1,0,0,0
0,0,0,0,0,0,0,0,0,0,0,0,0,0,0,1
0,2,0,0,0,0,0,0,0,0,0,4,0,0,0,0
6,1,0,0,0,0,0,0,0,0,0,0,0,0,0,0
2,0,0,1,0,0,0,1,0,0,4,0,0,0,0,0
0,0,0,0,0,0,0,0,0,0,0,0,0,0,0,0
6,0,0,0,0,0,0,9,1,0,0,0,0,0,0,0
0,0,0,0,0,0,0,0,0,0,0,1,0,0,0,5
0,0,0,0,0,4,4,3,0,0,1,7,0,4,0,11
0,0,0,0,27,4,2,3,14,0,3,0,5,0,0,5
0,0,0,0,4,4,3,5,0,1,7,0,4,0,11,0
0,2,1,0,0,1,3,2,0,1,0,3,0,1,0,4
24,2,1,0,22,2,2,7,5,0,0,15,0,2,2,9
2,1,0,2,1,3,2,3,1,0,3,0,1,0,4,1
0,4,4,3,0,0,1,7,0,4,0,11,0,0,0,15
27,4,2,3,14,0,3,0,5,0,0,5,0,0,0,0
4,4,3,5,0,1,7,0,4,0,11,0,0,0,15,0
0,0,0,0,0,0,0,0,0,0,0,4,0,0,1,1
0,0,0,0,2,0,0,0,2,0,9,0,1,0,3,6
0,0,0,0,0,0,0,0,0,0,4,0,0,1,1,0
0,1,0,0,0,0,0,2,0,7,0,4,0,1,0,0
1,0,0,0,2,0,0,0,1,2,7,0,3,0,0,0
1,0,0,0,0,0,2,0,7,0,4,0,1,0,0,0
0,0,0,0,0,0,0,4,0,0,1,1,0,0,0,0
2,0,0,0,2,0,9,0,1,0,3,6,1,0,0,0
0,0,0,0,0,0,4,0,0,1,1,0,0,0,0,0
0,0,0,0,0,3,4,5,0,1,0,2,0,0,1,1
0,0,0,0,4,3,3,3,3,0,0,0,2,0,1,1
0,0,0,0,3,4,5,1,1,0,2,0,0,1,1,0
0,3,4,4,0,2,1,1,0,0,0,1,0,1,0,1
4,4,4,4,4,2,2,0,2,0,2,0,1,0,1,0
3,4,4,2,2,1,1,0,0,0,1,0,1,0,1,0
0,3,4,5,0,1,0,2,0,0,1,1,0,1,0,0
4,3,3,3,3,0,0,0,2,0,1,1,1,1,0,0
3,4,5,1,1,0,2,0,0,1,1,0,1,0,0,0
0,0,0,0,0,52,64,56,0,37,40,12,0,9,0,19
0,0,0,0,43,58,62,61,36,48,14,42,14,9,2,19
0,0,0,0,52,64,56,55,37,40,12,30,9,0,19,17
0,40,46,48,0,52,60,26,0,15,10,9,0,2,0,31
28,47,46,49,43,57,43,52,20,22,2,22,5,2,3,31
40,46,48,46,52,60,26,36,15,10,9,16,2,0,31,22
0,52,64,56,0,37,40,12,0,9,0,19,0,0,0,20
43,58,62,61,36,48,14,42,14,9,2,19,7,0,8,16
52,64,56,55,37,40,12,30,9,0,19,17,0,0,20,23
0,0,0,0,0,0,1,0,0,3,6,2,0,0,1,0
0,0,0,0,0,0,0,0,0,6,5,2,0,1,0,0
0,0,0,0,0,1,0,4,3,6,2,6,0,1,0,3
0,0,0,0,0,0,4,0,0,2,4,2,0,0,0,0
0,0,0,0,0,3,4,0,0,4,3,1,0,2,0,1
0,0,0,1,0,4,0,6,2,4,2,5,0,0,0,2
0,0,1,0,0,3,6,2,0,0,1,0,0,0,0,0
0,0,0,0,0,6,5,2,0,1,0,0,0,0,0,0
0,1,0,4,3,6,2,6,0,1,0,3,0,0,0,2
0,0,0,0,0,0,0,0,0,0,0,0,0,0,0,0
0,0,0,0,0,0,0,0,0,0,0,0,0,0,0,0
0,0,0,0,0,0,0,0,0,0,0,0,0,0,0,0
0,0,0,0,0,0,0,0,0,0,0,2,0,0,0,0
0,0,0,0,0,0,0,0,0,0,0,0,0,0,0,0
0,0,0,0,0,0,0,0,0,0,2,0,0,0,0,0
0,0,0,0,0,0,0,0,0,0,0,0,0,0,0,0
0,0,0,0,0,0,0,0,0,0,0,0,0,0,0,0
0,0,0,0,0,0,0,0,0,0,0,0,0,0,0,0
0,0,0,0,0,43,54,48,0,33,30,6,0,15,3,8
0,0,0,0,17,54,52,49,19,34,27,29,8,13,5,13
0,0,0,0,43,54,48,55,33,30,6,31,15,3,8,15
0,31,37,38,0,41,42,22,0,15,12,0,0,9,4,19
28,36,37,39,22,43,32,40,9,7,21,19,9,0,7,25
31,37,38,35,41,42,22,39,15,12,0,27,9,4,19,22
0,43,54,48,0,33,30,6,0,15,3,8,0,0,3,18
17,54,52,49,19,34,27,29,8,13,5,13,2,0,5,20
43,54,48,55,33,30,6,31,15,3,8,15,0,3,18,41
0,0,0,0,0,7,10,10,0,7,7,7,0,1,3,1
0,0,0,0,3,10,11,8,5,10,5,8,0,2,2,3
0,0,0,0,7,10,10,9,7,7,7,8,1,3,1,4
0,2,3,5,0,8,12,8,0,9,6,4,0,0,2,4
0,4,4,5,5,11,11,9,2,8,3,6,1,2,2,3
2,3,5,8,8,12,8,10,9,6,4,5,0,2,4,5
0,7,10,10,0,7,7,7,0,1,3,1,0,1,2,2
3,10,11,8,5,10,5,8,0,2,2,3,0,1,3,8
7,10,10,9,7,7,7,8,1,3,1,4,1,2,2,3
0,0,0,0,0,8,5,14,0,5,6,10,0,4,7,0
0,0,0,0,8,7,8,11,6,5,18,6,2,1,4,1
0,0,0,0,8,5,14,1,5,6,10,12,4,7,0,2
0,2,3,1,0,10,5,10,0,7,7,0,0,6,5,0
10,3,3,1,11,9,2,3,3,4,6,6,2,11,5,1
2,3,1,0,10,5,10,4,7,7,0,5,6,5,0,0
0,8,5,14,0,5,6,10,0,4,7,0,0,13,1,1
8,7,8,11,6,5,18,6,2,1,4,1,7,5,0,6
8,5,14,1,5,6,10,12,4,7,0,2,13,1,1,7
0,0,0,0,0,3,4,4,0,1,0,2,0,0,1,2
0,0,0,0,5,4,5,2,3,0,0,2,0,1,1,1
0,0,0,0,3,4,4,0,1,0,2,0,0,1,2,0
0,2,4,4,0,4,3,2,0,0,1,1,0,0,2,3
1,3,4,3,5,4,4,3,1,0,0,1,2,0,2,2
2,4,4,1,4,3,2,0,0,1,1,1,0,2,3,0
0,3,4,4,0,1,0,2,0,0,1,2,0,0,1,1
5,4,5,2,3,0,0,2,0,1,1,1,9,1,2,2
3,4,4,0,1,0,2,0,0,1,2,0,0,1,1,0
0,0,0,0,0,4,6,7,0,1,4,1,0,1,1,2
0,0,0,0,3,6,7,6,2,2,4,4,1,1,1,2
0,0,0,0,4,6,7,4,1,4,1,4,1,1,2,3
0,3,4,6,0,2,6,2,0,1,2,2,0,1,0,1
1,4,4,4,2,4,5,3,2,1,3,2,0,0,0,1
3,4,6,4,2,6,2,4,1,2,2,2,1,0,1,3
0,4,6,7,0,1,4,1,0,1,1,2,0,0,0,1
3,6,7,6,2,2,4,4,1,1,1,2,0,0,1,2
4,6,7,4,1,4,1,4,1,1,2,3,0,0,1,1
0,0,0,0,0,2,1,0,0,3,2,4,0,1,2,3
0,0,0,0,1,2,0,2,1,2,0,6,1,1,1,3
0,0,0,0,2,1,0,1,3,2,4,2,1,2,3,4
0,4,5,2,0,1,1,1,0,2,1,6,0,2,0,2
2,5,4,2,0,0,2,3,1,4,0,3,1,1,1,0
4,5,2,3,1,1,1,2,2,1,6,3,2,0,2,2
0,2,1,0,0,3,2,4,0,1,2,3,0,0,0,1
1,2,0,2,1,2,0,6,1,1,1,3,1,1,1,0
2,1,0,1,3,2,4,2,1,2,3,4,0,0,1,0
0,0,0,0,0,37,40,41,0,29,32,8,0,8,0,10
0,0,0,0,23,39,39,43,20,33,14,35,5,3,1,13
0,0,0,0,37,40,41,39,29,32,8,30,8,0,10,14
0,27,31,36,0,37,42,16,0,7,15,3,0,0,3,21
17,29,33,33,27,44,32,38,10,8,0,19,4,0,2,21
27,31,36,31,37,42,16,35,7,15,3,16,0,3,21,19
0,37,40,41,0,29,32,8,0,8,0,10,0,0,1,15
23,39,39,43,20,33,14,35,5,3,1,13,4,0,3,15
37,40,41,39,29,32,8,30,8,0,10,14,0,1,15,35
0,0,0,0,0,34,27,22,0,24,25,2,0,10,0,9
0,0,0,0,18,27,21,28,14,23,19,31,7,7,9,10
0,0,0,0,34,27,22,22,24,25,2,22,10,0,9,7
0,33,27,25,0,32,24,16,0,13,11,0,0,5,5,19
13,28,25,26,18,26,17,32,12,8,2,24,0,4,5,24
33,27,25,20,32,24,16,26,13,11,0,12,5,5,19,16
0,34,27,22,0,24,25,2,0,10,0,9,0,10,3,17
18,27,21,28,14,23,19,31,7,7,9,10,13,1,6,15
34,27,22,22,24,25,2,22,10,0,9,7,10,3,17,20
0,0,0,0,0,58,58,63,0,57,51,20,0,14,15,16
0,0,0,0,33,53,60,61,34,56,35,48,11,19,12,13
0,0,0,0,58,58,63,55,57,51,20,46,14,15,16,17
0,22,22,25,0,67,66,34,0,30,33,15,0,18,12,29
8,21,22,22,38,64,57,63,19,27,20,35,7,23,12,36
22,22,25,19,67,66,34,57,30,33,15,31,18,12,29,21
0,58,58,63,0,57,51,20,0,14,15,16,0,16,11,26
33,53,60,61,34,56,35,48,11,19,12,13,10,13,13,29
58,58,63,55,57,51,20,46,14,15,16,17,16,11,26,38
0,0,0,0,0,0,0,0,0,0,0,0,0,0,0,0
0,0,0,0,0,0,0,0,0,0,0,0,0,0,4,0
0,0,0,0,0,0,0,0,0,0,0,0,0,0,0,1
0,0,0,0,0,0,0,0,0,0,0,0,0,0,0,0
0,0,0,0,0,0,0,0,0,0,0,0,0,0,0,0
0,0,0,0,0,0,0,0,0,0,0,1,0,0,0,0
0,0,0,0,0,0,0,0,0,0,0,0,0,0,0,0
0,0,0,0,0,0,0,0,0,0,4,0,0,0,0,0
0,0,0,0,0,0,0,0,0,0,0,1,0,0,0,0
