132,68,169,66,141,116,189,93,205,83,127
71,116,81,146,164,159,156,156,124,115,127
112,154,112,152,127,147,89,146,120,124,127
120,154,161,121,144,88,137,106,127,103,127
126,131,127,126,125,127,127,129,126,127,127
138,125,127,135,127,122,122,129,121,124,127
123,157,117,100,117,154,107,152,141,101,127
103,112,114,135,153,149,175,113,99,121,127
127,127,128,130,125,127,127,125,127,127,127
169,102,122,108,113,130,105,195,133,98,127
157,126,90,162,69,68,162,82,230,124,127
125,118,141,167,120,167,160,83,86,108,127
128,127,127,127,127,128,127,128,127,128,127
127,127,126,126,129,128,125,125,128,126,127
128,128,127,125,126,124,124,128,128,129,127
63,147,151,127,150,64,105,213,137,117,127
224,147,93,83,103,112,131,118,97,148,127
118,127,120,122,139,117,128,159,120,124,127
129,128,126,123,125,123,127,124,127,127,127
139,127,124,118,141,124,129,118,124,126,127
107,150,124,113,119,125,128,123,161,113,127
80,116,148,135,136,150,156,145,105,102,127
125,127,127,128,125,126,126,127,126,129,127
126,126,127,128,127,125,127,126,127,128,127
140,181,127,79,90,73,96,68,142,254,127
127,128,127,125,127,127,127,128,127,127,127
128,210,148,169,71,115,92,135,51,149,127
117,143,137,117,133,121,115,133,122,120,127
116,101,140,130,168,124,81,114,185,118,127
127,129,127,124,125,125,127,125,127,131,127
132,127,127,125,126,124,127,122,132,125,127
127,126,130,123,131,126,131,127,124,124,127
130,131,124,118,129,128,131,130,122,129,127
128,128,127,130,128,126,126,128,126,127,127
136,129,130,116,134,119,145,124,121,111,127
121,179,124,125,148,114,103,121,88,138,127
150,129,154,139,110,118,115,101,142,112,127
131,131,130,112,144,121,125,132,127,123,127
131,188,110,154,115,101,117,82,170,103,127
116,112,91,96,171,158,125,158,109,130,127
126,127,127,126,131,129,127,127,126,126,127
123,126,127,123,133,126,128,131,127,126,127
94,70,167,191,173,94,176,179,41,99,127
133,127,132,124,127,118,119,125,130,133,127
149,114,99,121,128,138,101,154,104,166,127
128,129,127,128,124,125,122,127,130,129,127
175,129,121,118,64,133,130,96,117,171,127
39,97,124,188,168,129,178,167,75,130,127
125,128,128,127,126,125,127,125,127,128,127
146,100,176,111,170,154,103,99,116,97,127
110,116,118,170,175,92,134,93,147,128,127
112,159,98,113,91,123,146,77,140,202,127
122,133,133,118,131,139,118,127,122,124,127
125,123,130,127,126,135,128,119,128,127,127
130,127,127,123,129,126,128,126,126,126,127
125,127,127,129,126,127,126,127,127,126,127
130,128,127,128,121,127,126,123,128,130,127
126,128,145,130,120,137,120,107,126,131,127
103,114,110,143,129,148,108,154,156,122,127
117,154,150,93,149,102,149,121,124,101,127
36,154,148,125,174,97,101,159,160,122,127
146,117,152,131,121,85,143,108,134,128,127
155,125,157,111,124,115,107,140,98,124,127
121,133,130,123,135,137,119,118,120,126,127
207,89,174,86,91,98,223,110,61,104,127
120,119,146,97,151,139,100,178,124,98,127
131,136,126,120,129,122,125,124,126,126,127
128,127,122,132,123,137,127,129,127,124,127
138,144,134,119,116,125,123,119,133,114,127
110,108,113,123,170,154,96,176,99,136,127
135,122,139,133,136,122,125,116,122,117,127
128,127,127,127,127,128,126,125,127,126,127
132,116,137,120,155,119,153,107,112,120,127
127,126,127,126,127,126,125,127,127,125,127
170,96,137,118,216,152,34,91,169,94,127
186,112,201,80,80,100,145,114,174,62,127
153,117,152,100,127,121,113,118,147,120,127
113,125,141,119,147,121,109,148,115,131,127
131,125,122,139,122,131,115,135,124,136,127
90,250,127,76,101,103,131,75,81,202,127
71,83,146,173,150,200,162,213,59,38,127
124,138,148,109,119,114,146,133,113,107,127
127,126,127,128,125,129,123,131,127,126,127
115,125,134,118,127,140,123,144,120,127,127
122,128,126,125,125,124,128,130,127,125,127
145,132,115,121,119,130,118,115,144,138,127
147,86,103,183,131,165,135,123,185,41,127
139,122,171,153,113,100,104,96,136,137,127
124,133,126,126,125,125,125,129,130,128,127
127,127,130,126,129,129,129,126,128,127,127
128,163,124,94,108,125,110,118,162,126,127
113,117,106,119,161,128,134,151,132,114,127
126,128,127,124,128,127,128,127,127,126,127
125,137,148,114,112,135,103,147,100,148,127
128,129,127,126,128,127,126,127,130,125,127
92,83,146,179,179,173,186,55,102,91,127
92,118,113,153,76,164,92,160,167,157,127
126,125,127,127,129,126,128,130,127,125,127
126,185,79,124,92,133,96,62,166,199,127
126,136,132,122,118,133,118,125,127,136,127
126,127,127,125,127,126,127,126,127,129,127
129,116,137,134,124,104,126,146,146,105,127
138,129,141,129,118,127,127,121,122,120,127
118,118,152,147,170,109,126,93,140,103,127
129,126,126,129,131,125,127,128,127,125,127
129,128,126,124,126,125,124,130,128,133,127
125,133,124,121,126,125,128,127,132,131,127
152,100,137,147,124,160,109,133,109,103,127
106,121,133,53,97,148,245,49,179,117,127
131,128,127,125,125,128,128,126,126,126,127
119,125,144,128,123,130,136,121,124,122,127
161,125,160,83,122,114,105,101,168,122,127
133,122,126,124,126,122,132,128,126,128,127
153,131,140,121,128,104,141,121,93,130,127
123,128,133,125,131,126,124,127,127,124,127
120,121,132,136,132,135,118,126,127,128,127
113,77,184,194,97,193,165,60,112,87,127
127,127,127,127,128,124,126,126,124,126,127
128,129,127,127,126,126,126,125,127,127,127
128,127,128,126,128,129,126,124,127,128,127
144,116,121,162,103,131,111,123,139,132,127
112,132,157,133,116,94,141,109,124,144,127
120,104,160,184,58,123,141,101,169,117,127
128,128,127,128,128,128,128,129,127,128,127
130,111,121,179,141,100,154,108,122,114,127
126,126,130,127,127,126,126,125,127,126,127
123,126,127,126,140,119,125,143,120,125,127
129,128,127,124,128,129,126,124,127,125,127
114,144,160,123,138,81,167,95,127,109,127
129,128,127,127,126,128,123,124,127,124,127
131,131,124,119,126,121,126,131,142,123,127
113,116,117,151,112,133,148,114,133,137,127
86,159,160,174,127,144,162,68,102,83,127
127,125,127,124,128,127,124,127,127,128,127
231,127,97,112,82,198,107,102,93,118,127
138,136,124,118,155,114,113,118,122,130,127
126,127,127,127,129,127,128,128,127,128,127
113,72,124,178,166,161,132,193,43,105,127
118,137,127,100,117,111,156,127,107,155,127
115,116,112,112,143,129,123,116,121,186,127
124,78,127,220,81,199,117,199,110,48,127
116,98,109,118,244,107,139,83,109,149,127
145,126,158,96,159,100,136,116,113,114,127
102,117,127,175,88,130,150,102,168,116,127
141,108,214,120,111,114,104,128,112,109,127
129,126,126,128,131,132,126,128,127,123,127
128,126,124,125,125,123,123,132,130,134,127
118,117,137,118,120,122,119,121,127,157,127
126,132,132,130,123,126,124,129,120,129,127
52,119,144,110,166,150,174,176,77,95,127
124,143,121,127,128,123,127,124,127,130,127
152,119,139,143,122,142,106,125,126,103,127
129,125,127,125,130,129,127,125,127,127,127
104,140,106,138,121,203,154,68,157,83,127
129,174,136,125,125,116,92,102,148,112,127
66,94,101,194,83,187,196,102,164,107,127
128,125,126,127,126,126,130,126,127,129,127
132,80,72,147,197,164,118,200,97,89,127
95,108,127,85,186,157,118,223,97,78,127
125,226,109,33,81,93,135,55,184,190,127
133,123,115,120,172,117,113,125,134,122,127
135,125,115,110,149,123,123,117,127,142,127
128,128,127,125,130,130,124,124,130,124,127
131,133,133,135,122,125,123,126,121,118,127
145,125,152,114,125,109,125,127,122,121,127
113,94,139,154,133,72,194,61,142,161,127
118,133,137,100,150,119,108,164,97,132,127
121,121,115,128,134,135,135,135,113,136,127
169,97,170,152,117,127,139,84,112,102,127
122,148,164,101,142,125,69,153,87,148,127
128,129,127,125,126,124,128,124,128,125,127
127,127,126,130,126,127,126,127,127,126,127
128,127,127,125,127,127,125,127,126,126,127
107,170,87,127,133,133,173,153,76,109,127
66,106,170,184,125,188,96,191,51,112,127
135,96,110,172,103,114,93,165,140,167,127
103,119,91,157,87,223,199,91,74,134,127
134,125,127,122,125,130,123,126,134,128,127
127,127,128,123,122,129,131,122,130,126,127
128,127,126,126,124,125,124,131,127,130,127
137,104,164,153,169,93,160,91,87,115,127
128,127,127,125,128,126,125,130,127,129,127
127,128,127,129,127,124,126,126,128,126,127
129,122,127,122,127,138,122,119,124,135,127
125,129,127,127,126,128,127,129,127,128,127
124,128,127,125,132,124,127,126,132,123,127
135,129,126,127,126,122,122,123,136,127,127
111,119,127,135,168,117,150,109,121,123,127
115,100,141,144,130,114,109,137,117,165,127
180,80,170,209,116,216,79,111,60,72,127
128,162,94,122,128,128,98,138,142,131,127
129,150,148,136,90,162,129,68,150,101,127
147,114,146,119,98,136,140,107,132,124,127
127,129,130,130,124,127,127,124,128,125,127
127,128,127,127,125,128,125,124,127,126,127
128,110,148,133,157,89,129,124,138,112,127
125,127,130,130,128,130,126,124,126,129,127
110,162,98,134,113,147,133,81,128,157,127
130,125,132,118,119,130,129,133,134,125,127
141,144,118,115,115,111,120,123,124,157,127
126,128,130,127,126,128,127,126,127,127,127
155,112,141,130,101,129,187,87,86,131,127
165,140,103,119,98,91,141,138,118,149,127
134,92,128,109,119,121,156,186,86,134,127
126,125,127,124,128,126,127,126,127,127,127
110,144,170,71,157,114,115,152,109,113,127
97,135,115,98,140,114,115,220,117,122,127
58,125,127,187,168,189,150,119,70,92,127
128,127,126,126,126,126,124,126,130,127,127
118,122,127,107,140,128,110,184,124,118,127
148,116,126,100,121,165,103,168,127,92,127
109,123,130,83,85,136,165,141,144,137,127
125,127,127,122,126,133,128,126,127,124,127
98,104,114,206,69,178,154,106,144,118,127
128,125,126,130,127,129,129,125,127,126,127
93,97,250,132,83,128,117,122,151,94,127
141,131,136,132,110,102,137,149,118,113,127
125,123,124,135,119,122,127,132,134,126,127
123,128,178,87,155,119,113,113,114,122,127
149,83,69,209,81,159,191,200,59,94,127
134,119,104,137,119,144,162,123,105,123,127
126,126,127,125,126,129,126,129,127,128,127
104,123,137,122,148,151,104,107,117,156,127
122,129,130,114,129,139,133,111,132,123,127
129,125,134,124,124,124,130,122,124,131,127
94,129,148,111,74,168,141,93,127,178,127
114,122,155,94,119,182,131,113,118,118,127
128,126,127,128,127,126,127,127,127,125,127
147,118,140,77,136,108,94,201,109,135,127
112,121,142,144,142,137,135,116,110,113,127
128,127,130,126,124,126,129,125,127,131,127
125,126,127,127,129,127,126,126,128,128,127
135,122,134,100,114,148,120,158,126,110,127
129,122,132,111,130,119,139,140,107,129,127
104,152,113,118,98,158,108,156,141,120,127
99,174,117,99,162,145,163,140,75,83,127
133,136,127,121,129,124,119,125,126,131,127
129,128,127,129,126,128,128,126,126,127,127
129,128,127,128,125,128,128,128,127,128,127
137,98,118,150,136,142,92,168,97,145,127
163,143,90,89,88,112,128,114,124,207,127
127,128,127,128,128,126,128,126,127,127,127
116,122,148,114,126,131,137,147,106,113,127
165,101,189,136,124,93,118,94,122,121,127
124,126,124,125,123,127,141,129,130,123,127
130,128,127,125,125,128,123,128,127,128,127
127,126,127,127,128,128,126,124,127,129,127
129,126,127,126,128,127,125,125,127,126,127
89,112,141,115,156,154,123,176,91,113,127
139,129,148,106,128,100,107,161,118,128,127
89,106,155,103,161,167,141,133,97,113,127
128,128,128,126,126,130,126,126,127,127,127
149,127,136,99,144,121,110,133,112,135,127
126,148,161,100,105,115,128,116,107,142,127
129,127,127,124,127,125,125,126,127,126,127
120,118,155,99,134,111,159,137,101,120,127
128,125,127,143,105,125,129,144,136,116,127
117,132,127,118,121,129,134,146,132,117,127
127,123,124,120,140,133,133,126,120,122,127
127,127,126,128,129,127,128,125,127,126,127
62,80,155,176,166,157,160,164,77,93,127
138,114,137,135,121,125,122,118,118,144,127
165,117,185,167,75,156,85,107,112,103,127
124,127,130,125,125,128,131,123,127,130,127
85,106,146,132,98,169,148,130,165,97,127
127,126,130,130,124,132,126,126,127,125,127
127,128,127,127,128,128,127,125,127,129,127
137,114,132,110,128,132,123,133,117,134,127
121,140,127,89,147,95,149,144,93,149,127
126,125,130,126,126,123,132,124,127,126,127
154,156,85,83,194,93,150,88,150,110,127
121,125,127,137,122,133,133,119,124,132,127
115,138,136,109,122,125,121,129,121,144,127
81,129,114,119,133,142,113,159,153,137,127
132,128,126,128,128,127,124,126,132,126,127
129,126,127,126,127,127,126,129,128,126,127
128,125,127,129,126,128,126,127,128,126,127
153,125,189,114,118,151,154,72,109,68,127
97,137,253,105,127,159,78,83,100,114,127
130,125,126,137,130,133,125,123,130,121,127
114,112,180,126,168,108,138,109,97,116,127
0,87,154,193,177,200,164,196,56,66,127
131,125,127,123,123,127,126,123,128,128,127
127,127,130,126,126,128,128,126,130,126,127
156,152,155,85,131,104,90,159,124,108,127
93,123,215,118,123,117,95,151,112,116,127
162,182,89,191,57,121,116,102,83,167,127
136,118,127,126,134,121,117,129,136,134,127
127,116,141,146,144,117,140,102,112,126,127
128,144,127,146,116,132,109,135,115,116,127
148,121,147,134,118,118,135,100,124,124,127
107,167,148,116,110,111,125,99,141,140,127
157,184,137,116,91,93,92,104,137,143,127
127,128,127,126,127,129,126,128,127,125,127
117,106,141,65,168,169,107,226,99,74,127
123,123,140,180,102,148,182,62,154,63,127
129,125,128,129,126,125,125,127,128,126,127
129,169,92,120,188,115,60,130,127,141,127
128,127,127,131,127,126,127,126,128,125,127
127,127,127,127,126,127,126,125,128,125,127
134,121,107,71,205,75,126,197,137,94,127
151,158,76,111,84,94,99,175,113,210,127
122,189,104,160,30,71,145,58,214,167,127
148,112,78,154,77,171,28,138,214,172,127
126,129,127,122,129,127,137,126,127,123,127
121,110,201,85,128,101,116,117,180,101,127
120,125,140,121,111,133,126,122,151,116,127
127,126,127,127,127,126,128,129,128,127,127
130,129,127,119,117,128,121,132,141,126,127
203,181,81,118,61,36,54,115,201,210,127
129,133,130,121,120,122,139,133,122,120,127
122,140,115,97,110,132,115,192,97,147,127
113,129,120,143,120,140,114,140,118,132,127
65,80,117,181,49,222,199,115,105,160,127
118,123,134,114,173,129,147,110,91,123,127
113,152,137,121,104,151,88,108,109,185,127
124,128,126,123,130,127,124,128,127,128,127
126,126,130,134,128,128,121,129,127,132,127
125,127,127,128,126,128,128,126,127,129,127
173,106,127,78,225,93,107,178,108,74,127
123,110,154,132,167,97,156,110,107,109,127
127,128,127,119,126,124,125,124,138,132,127
129,121,115,123,156,133,146,113,126,119,127
127,126,127,131,129,129,125,126,126,127,127
116,123,120,130,123,148,117,150,127,124,127
96,102,163,143,149,170,118,116,94,124,127
113,171,108,107,105,126,154,116,150,111,127
134,126,133,121,113,137,110,130,127,140,127
193,158,120,72,95,30,93,132,195,167,127
107,138,126,91,180,92,103,126,122,179,127
157,111,85,187,71,121,83,138,180,153,127
84,105,120,140,120,178,113,182,101,143,127
132,126,134,125,128,125,122,122,122,129,127
126,127,127,126,127,128,126,127,127,126,127
127,132,128,129,124,125,125,122,126,127,127
145,114,121,139,132,108,96,170,120,129,127
164,122,151,98,123,142,169,107,93,82,127
135,129,130,122,134,117,126,116,117,136,127
159,110,154,106,98,94,192,114,96,134,127
156,147,106,116,144,91,103,160,108,137,127
195,80,157,142,117,162,161,60,118,76,127
127,135,127,126,120,133,113,128,127,133,127
128,127,127,121,127,122,129,129,127,127,127
140,129,81,142,111,124,156,93,139,157,127
130,128,128,125,127,127,126,124,128,126,127
99,147,113,95,150,112,150,124,107,168,127
126,128,127,129,129,128,128,128,127,125,127
126,128,127,125,124,128,128,126,126,129,127
54,107,103,149,106,208,108,182,177,93,127
110,116,127,150,143,131,118,147,110,133,127
126,126,132,126,122,127,129,124,127,126,127
127,143,124,120,124,136,141,124,120,108,127
129,101,128,121,116,91,108,138,153,178,127
130,126,124,126,125,124,124,131,128,133,127
117,127,126,114,127,140,114,163,121,126,127
133,125,115,145,105,132,126,131,124,138,127
130,127,151,127,103,121,129,127,126,121,127
128,127,127,127,126,129,125,128,127,128,127
127,126,127,127,126,128,127,127,127,127,127
124,123,137,131,137,122,134,118,126,118,127
126,81,164,138,89,208,137,93,145,94,127
131,128,127,123,127,123,127,127,130,124,127
104,114,137,123,160,162,204,94,124,46,127
117,129,130,132,114,114,141,149,124,124,127
133,127,130,127,121,140,121,119,134,122,127
127,131,124,126,126,136,124,125,128,124,127
163,116,176,125,102,114,134,109,104,113,127
92,122,68,229,242,212,71,87,85,104,127
121,144,127,118,131,122,145,111,130,125,127
172,132,182,65,186,115,96,109,99,93,127
135,138,146,117,140,102,145,106,113,118,127
45,83,213,237,112,140,194,133,97,32,127
125,127,130,126,128,125,129,124,127,125,127
118,133,122,123,128,123,122,123,127,146,127
173,204,110,58,82,83,172,110,93,144,127
117,128,128,113,144,132,124,116,133,132,127
119,170,152,114,105,91,111,159,117,123,127
102,86,84,147,114,154,117,180,134,162,127
127,129,127,128,126,125,128,128,127,128,127
157,64,142,144,174,169,113,173,70,74,127
104,138,92,71,88,124,186,145,93,211,127
121,126,134,124,129,132,122,128,127,127,127
95,112,169,114,98,84,145,164,165,119,127
126,126,128,126,128,127,127,128,127,127,127
141,127,150,129,117,101,131,117,120,129,127
133,123,137,128,120,131,123,128,124,124,127
137,132,124,124,124,121,119,121,133,131,127
108,121,139,161,128,105,137,118,160,92,127
116,111,201,89,164,90,153,125,97,109,127
127,126,126,127,125,128,127,126,126,127,127
129,127,127,124,128,127,128,127,127,125,127
147,89,200,117,142,115,175,42,174,63,127
108,119,137,157,117,110,124,126,141,140,127
132,119,102,138,162,108,161,85,127,136,127
136,200,87,89,116,100,98,114,98,216,127
125,125,133,127,126,140,120,121,130,121,127
94,129,156,145,176,138,174,92,57,101,127
113,133,126,111,139,124,135,136,124,128,127
137,129,127,174,101,140,92,109,146,121,127
128,131,97,223,114,145,98,127,126,109,127
134,116,117,151,121,119,136,125,128,126,127
130,127,127,124,128,127,127,126,130,125,127
150,148,134,128,140,96,164,96,104,97,127
122,182,114,141,81,119,124,92,172,112,127
125,127,128,127,129,127,126,129,128,126,127
129,125,136,104,113,145,134,117,124,144,127
127,126,127,126,126,130,127,126,127,128,127
126,127,127,129,128,125,127,127,127,128,127
196,68,190,63,105,44,113,99,235,143,127
165,76,158,187,95,75,58,186,167,120,127
53,162,132,191,124,169,135,153,39,115,127
112,177,145,57,43,246,105,55,136,175,127
104,104,126,121,142,154,110,106,187,129,127
111,101,213,108,101,110,146,94,161,111,127
128,129,130,128,124,128,126,122,127,129,127
174,123,156,109,106,104,146,126,92,125,127
125,126,140,121,118,149,123,118,124,120,127
136,110,97,156,147,121,138,122,134,120,127
124,140,141,132,121,125,117,116,118,131,127
133,123,148,119,107,114,125,117,146,132,127
144,160,220,130,75,149,78,76,127,105,127
149,127,96,125,159,133,111,149,115,114,127
149,140,134,95,103,115,113,151,110,149,127
113,118,83,181,111,198,155,107,80,134,127
130,126,133,125,127,125,125,123,130,126,127
128,121,132,124,123,128,130,133,136,119,127
135,135,124,119,117,127,106,152,116,136,127
136,159,98,165,109,159,94,150,114,95,127
110,116,137,133,84,177,129,148,96,138,127
129,126,128,124,128,128,126,127,127,127,127
126,126,127,126,128,126,127,128,127,129,127
113,114,156,140,120,109,137,101,146,131,127
129,131,124,125,125,133,130,123,126,125,127
78,101,170,148,118,136,141,176,75,130,127
126,126,127,124,127,126,127,126,127,128,127
126,128,127,128,126,128,128,128,128,128,127
123,93,128,150,101,137,111,102,180,155,127
126,126,130,124,127,128,123,125,130,127,127
129,126,127,127,126,128,126,129,126,128,127
128,127,127,123,127,126,126,129,130,130,127
102,125,101,72,187,137,76,220,190,69,127
160,147,87,145,77,116,98,139,140,173,127
121,123,139,133,115,128,137,129,127,123,127
105,215,118,30,74,80,219,82,212,97,127
129,131,126,124,126,124,122,132,127,136,127
129,128,127,125,126,126,127,128,127,126,127
186,114,91,67,126,183,98,199,71,130,127
127,125,127,130,126,127,125,126,127,128,127
112,149,127,201,59,148,104,151,162,68,127
57,177,114,98,129,125,130,101,134,191,127
125,128,128,125,130,125,126,129,124,127,127
126,126,128,118,105,140,122,136,154,119,127
125,125,128,122,122,122,131,133,130,127,127
133,104,88,166,160,154,131,124,124,108,127
159,109,211,51,191,81,69,91,162,129,127
121,107,148,101,132,177,83,128,126,150,127
111,110,127,133,160,116,150,103,127,132,127
128,126,126,125,125,128,126,127,130,124,127
120,129,127,125,117,127,133,136,132,122,127
101,80,136,175,196,203,67,152,80,112,127
115,116,118,147,157,142,98,116,128,148,127
146,96,132,85,195,148,95,220,78,85,127
87,56,200,162,187,200,83,152,57,95,127
127,127,126,125,126,127,127,130,126,127,127
136,125,151,131,147,143,78,127,120,122,127
186,89,181,179,55,109,176,60,139,90,127
129,178,103,96,78,80,109,91,196,187,127
137,140,121,115,130,110,138,123,120,127,127
130,127,127,124,130,133,124,129,126,126,127
128,131,127,122,124,126,120,128,127,136,127
161,116,188,131,104,104,129,83,150,93,127
118,121,179,160,120,129,99,124,117,107,127
145,129,124,127,127,125,121,119,134,125,127
128,126,130,133,141,115,141,114,120,121,127
165,114,130,101,124,72,110,106,211,141,127
169,167,112,33,185,88,130,74,152,133,127
109,119,154,142,126,133,106,121,142,123,127
145,118,134,121,148,98,144,127,99,128,127
129,128,127,127,129,125,128,128,127,126,127
112,96,178,111,165,119,139,116,113,115,127
127,129,127,125,128,128,127,129,127,127,127
109,106,121,103,212,175,113,140,100,101,127
128,129,128,128,126,129,125,125,124,130,127
132,119,124,118,166,97,132,154,118,114,127
117,129,130,118,143,133,120,118,127,132,127
141,150,117,151,59,160,130,170,67,135,127
96,110,160,115,149,109,153,130,128,115,127
93,100,192,109,155,109,107,146,127,123,127
126,93,122,137,184,127,93,94,127,170,127
121,125,124,137,126,124,127,122,134,127,127
130,137,130,116,126,128,117,116,138,125,127
127,125,115,127,147,148,117,110,142,117,127
126,128,127,128,128,125,127,127,130,128,127
209,132,195,59,127,48,137,65,164,101,127
127,129,127,124,126,129,126,125,127,126,127
121,127,124,126,127,122,138,125,124,133,127
126,126,127,128,128,127,127,127,127,128,127
135,112,124,137,103,127,128,130,137,142,127
118,106,134,106,121,122,114,167,149,137,127
135,132,133,101,144,136,148,102,124,109,127
112,121,106,218,61,162,68,186,157,117,127
129,128,127,124,129,124,127,126,127,127,127
129,127,130,129,124,126,129,126,127,124,127
126,126,127,128,126,130,126,128,127,125,127
128,127,127,125,128,125,125,128,127,127,127
127,127,127,127,128,127,128,126,126,127,127
111,112,147,155,163,137,170,106,73,98,127
135,129,127,125,125,125,125,121,127,128,127
115,119,147,130,131,115,155,114,124,119,127
129,131,112,108,139,121,146,129,115,133,127
120,125,140,129,120,101,127,141,128,135,127
98,122,113,91,168,105,187,146,112,120,127
141,131,102,150,106,133,91,170,120,144,127
103,119,101,133,75,121,186,130,108,192,127
132,127,126,123,129,133,129,126,124,122,127
127,126,127,126,130,126,127,128,127,126,127
117,213,98,122,105,93,90,80,124,217,127
137,125,127,120,110,131,115,175,117,118,127
128,129,127,129,127,125,126,125,127,127,127
117,138,121,125,128,118,122,148,120,134,127
128,85,166,127,153,188,107,156,88,74,127
126,127,127,126,127,128,128,128,127,126,127
121,182,120,110,108,165,118,118,121,101,127
127,129,127,127,126,128,126,126,128,127,127
130,126,128,128,128,126,127,126,127,127,127
168,122,121,106,121,115,114,149,106,144,127
127,128,127,130,129,130,126,122,127,123,127
114,173,126,114,103,112,120,125,150,127,127
126,125,127,125,127,127,126,125,127,127,127
188,110,194,100,187,102,91,123,72,94,127
127,129,127,128,127,126,125,128,127,128,127
107,97,132,121,174,160,163,135,100,81,127
139,136,115,119,137,112,117,128,130,130,127
94,80,137,167,179,161,164,80,78,136,127
91,157,127,144,127,121,100,154,127,124,127
128,126,127,130,127,128,126,127,127,126,127
119,129,199,145,110,80,171,104,98,102,127
127,126,127,127,128,126,128,126,128,129,127
118,123,150,110,125,97,153,118,120,138,127
125,123,127,132,125,128,123,124,130,128,127
122,119,175,117,83,148,107,140,62,188,127
127,129,127,128,129,125,127,125,126,126,127
112,111,81,157,113,131,82,184,176,146,127
159,89,137,162,98,159,111,96,167,101,127
84,150,117,156,79,131,144,169,133,113,127
119,127,136,130,122,131,122,122,127,126,127
174,197,132,79,88,82,113,100,173,117,127
124,136,120,130,132,133,128,123,120,124,127
132,129,130,124,129,125,127,127,127,125,127
182,167,101,117,114,45,96,111,177,153,127
129,126,127,127,126,127,128,131,124,125,127
128,127,127,128,127,129,127,128,127,128,127
119,125,134,127,122,110,138,133,126,124,127
120,119,128,161,112,114,139,96,151,137,127
123,117,136,120,128,133,116,164,127,109,127
117,126,127,141,117,133,134,121,144,115,127
97,158,140,88,142,75,179,86,87,192,127
121,119,153,144,112,119,113,133,124,134,127
129,129,127,125,128,125,128,123,127,127,127
131,121,115,158,120,138,108,135,124,133,127
128,128,127,125,128,126,125,125,130,128,127
109,122,148,144,114,128,124,115,124,134,127
133,118,130,124,117,140,133,117,122,137,127
150,88,145,120,176,91,158,104,69,156,127
158,111,120,107,155,108,119,156,130,105,127
131,131,118,118,116,128,143,144,124,119,127
81,109,151,137,149,151,107,172,100,119,127
126,126,127,125,125,128,127,127,127,125,127
138,89,154,109,153,104,103,93,167,153,127
64,94,157,89,175,189,183,91,103,117,127
94,122,151,71,156,114,156,99,221,74,127
91,104,176,131,103,161,117,101,176,105,127
54,59,55,230,123,168,128,190,158,151,127
156,114,212,106,114,131,93,138,84,108,127
129,126,128,124,127,126,125,125,128,122,127
78,119,183,137,170,140,170,91,83,91,127
85,86,170,187,156,187,76,194,72,89,127
211,137,127,97,83,169,146,103,94,88,127
119,114,106,108,159,133,129,182,118,108,127
114,104,162,130,140,94,167,98,132,126,127
120,165,70,130,185,123,73,109,165,133,127
129,127,130,129,128,128,127,125,127,126,127
125,129,127,127,127,126,126,127,127,128,127
130,129,127,125,132,123,123,127,124,124,127
176,190,94,119,119,88,194,53,100,114,127
163,110,137,126,145,88,95,172,73,164,127
131,125,126,122,135,128,135,122,101,143,127
129,128,127,128,127,127,127,127,127,128,127
114,108,92,146,134,109,145,143,139,149,127
142,123,120,138,138,129,105,116,136,124,127
113,127,115,139,123,119,98,140,145,157,127
175,122,198,96,88,88,164,137,120,66,127
93,117,145,150,147,144,140,113,113,114,127
101,102,144,149,196,80,135,89,190,91,127
129,129,127,128,126,126,125,126,127,127,127
136,133,117,115,129,145,107,154,122,113,127
125,127,127,128,133,128,123,129,122,128,127
40,89,148,189,179,169,163,171,54,88,127
127,118,124,134,125,126,122,132,130,134,127
126,129,124,117,133,125,126,145,126,123,127
127,125,152,122,140,109,121,114,124,132,127
126,126,127,129,127,126,127,126,127,128,127
123,96,137,158,82,172,110,162,124,118,127
114,122,118,108,160,135,118,135,141,123,127
119,118,115,146,122,133,113,137,130,149,127
144,160,104,183,95,169,71,113,124,121,127
159,89,97,182,132,163,125,179,112,62,127
126,127,127,127,127,129,127,124,130,124,127
165,181,115,28,143,56,80,75,200,195,127
125,144,128,119,129,124,122,121,127,127,127
137,136,145,121,123,109,139,114,121,114,127
153,59,164,208,148,179,60,194,34,103,127
120,114,117,182,143,111,139,108,120,127,127
214,92,145,104,232,72,84,72,147,108,127
111,122,101,189,119,154,116,105,147,125,127
159,118,144,143,78,182,71,89,195,99,127
122,109,108,62,130,165,107,231,155,85,127
128,129,127,125,127,126,126,127,130,128,127
127,125,130,122,128,123,130,130,128,128,127
117,131,117,124,123,131,128,140,127,129,127
127,125,126,125,128,125,126,128,127,127,127
126,106,130,144,88,161,191,75,154,95,127
128,154,156,90,92,88,148,109,155,127,127
130,125,130,121,129,122,125,132,127,130,127
147,133,146,120,101,97,166,116,115,118,127
131,132,132,111,124,124,126,132,109,139,127
125,127,127,125,126,128,125,125,127,128,127
89,142,112,100,114,108,86,141,192,190,127
127,128,127,127,126,127,128,129,127,128,127
119,131,139,111,122,133,123,121,136,132,127
130,127,128,128,125,128,126,125,127,126,127
102,126,120,187,90,110,184,127,89,140,127
127,126,127,127,128,129,127,127,127,126,127
127,127,134,120,123,130,131,130,127,125,127
88,125,224,48,140,101,90,126,193,117,127
122,131,104,140,115,161,125,105,144,125,127
118,114,127,125,153,133,153,126,109,113,127
125,132,127,125,132,124,124,125,124,126,127
148,93,124,186,116,140,68,158,126,138,127
138,132,124,118,123,122,120,124,132,134,127
126,127,127,127,129,127,127,130,128,126,127
108,126,130,143,110,118,137,166,127,105,127
163,92,127,105,109,123,87,153,97,217,127
99,109,127,80,215,187,121,118,114,99,127
177,106,190,142,85,119,95,99,152,103,127
139,121,128,122,112,125,121,124,136,138,127
110,107,134,144,201,100,83,154,145,106,127
103,128,124,128,119,132,122,133,110,167,127
133,147,110,122,115,127,123,130,113,138,127
115,128,124,104,116,135,107,172,122,147,127
124,94,94,171,121,171,75,99,221,121,127
115,104,62,157,225,201,124,127,96,87,127
54,92,233,86,150,187,149,109,78,115,127
137,125,128,121,125,123,134,121,127,122,127
104,137,93,90,179,93,123,199,106,136,127
124,140,127,132,129,125,121,117,124,131,127
52,77,165,152,183,232,73,199,89,74,127
121,122,152,128,121,105,140,117,141,125,127
127,128,127,126,126,126,127,127,130,127,127
106,110,102,114,172,144,137,164,112,119,127
128,128,127,127,127,129,127,128,127,127,127
153,148,146,186,150,115,14,177,110,94,127
129,128,127,128,127,125,127,125,127,127,127
135,135,153,117,124,118,120,117,122,128,127
95,87,92,166,124,118,69,180,196,170,127
117,122,124,150,108,127,128,135,126,140,127
176,149,160,131,123,123,85,98,124,97,127
127,125,127,126,129,129,126,125,127,135,127
173,121,113,129,147,94,111,81,172,125,127
126,127,127,125,126,127,128,127,127,127,127
133,125,130,124,128,126,125,123,128,123,127
180,91,229,168,202,130,110,12,94,47,127
109,131,100,107,152,119,135,149,110,156,127
128,126,127,128,127,126,127,128,124,127,127
113,114,118,146,120,161,110,101,164,135,127
130,128,127,123,131,128,125,123,124,127,127
77,72,192,118,207,162,166,168,43,66,127
126,129,127,126,128,129,127,126,126,127,127
120,125,124,119,129,131,124,153,122,122,127
127,127,127,120,132,129,126,128,127,127,127
87,102,130,166,161,115,141,121,137,118,127
129,126,128,125,130,131,124,133,122,124,127
123,126,130,118,129,127,151,114,124,124,127
124,129,152,111,130,118,125,116,109,139,127
117,122,142,93,161,167,116,108,121,123,127
135,119,120,147,112,124,116,144,134,123,127
128,127,128,126,128,126,129,128,127,124,127
136,128,168,94,108,123,96,124,110,167,127
137,125,148,125,117,114,116,124,147,112,127
135,147,127,144,118,121,118,126,121,118,127
127,126,127,125,132,133,127,123,127,129,127
117,166,115,162,129,146,109,86,120,126,127
108,93,145,195,169,128,120,101,137,93,127
154,114,152,100,179,135,169,68,105,75,127
139,117,106,151,146,135,132,124,130,105,127
64,94,150,195,219,133,45,178,70,152,127
123,140,127,98,155,118,151,116,112,123,127
116,140,106,158,115,166,108,127,128,120,127
126,125,127,129,127,126,126,128,127,125,127
109,117,170,130,95,204,103,118,91,133,127
159,102,142,121,112,161,99,192,94,93,127
120,132,124,128,120,130,149,139,110,119,127
96,118,130,135,118,121,120,178,144,115,127
131,128,132,132,130,126,121,123,124,126,127
131,127,124,131,130,130,126,118,127,131,127
127,122,130,122,126,124,118,135,134,135,127
105,104,124,158,186,81,136,99,169,121,127
97,112,183,112,132,234,140,86,87,82,127
141,96,120,153,131,159,113,155,120,106,127
123,207,90,51,52,148,107,43,223,209,127
110,97,109,162,159,193,108,167,102,87,127
133,171,110,93,102,94,136,154,103,152,127
156,132,110,118,108,110,136,114,126,156,127
129,174,120,130,105,133,133,100,112,127,127
91,73,118,153,201,172,174,153,81,69,127
125,127,127,128,128,129,126,128,127,128,127
118,153,120,109,123,123,121,115,146,140,127
129,128,130,131,126,128,127,126,127,127,127
132,126,124,112,116,149,126,127,130,127,127
124,125,127,155,122,117,125,126,136,119,127
126,112,151,116,141,123,143,128,108,119,127
123,125,124,124,129,129,133,133,124,127,127
127,127,127,125,127,128,129,128,127,127,127
128,125,127,126,129,127,128,125,127,127,127
129,138,136,117,115,133,129,114,124,128,127
127,126,130,128,126,127,127,127,127,127,127
136,143,106,157,150,104,73,135,177,94,127
151,149,136,98,137,97,147,106,120,114,127
186,107,136,109,215,38,151,81,152,84,127
127,126,128,127,128,127,126,124,127,127,127
186,88,133,135,151,135,103,51,124,176,127
111,127,146,97,122,122,128,132,153,131,127
121,168,103,78,129,111,168,99,146,131,127
125,128,128,125,128,125,125,125,127,128,127
175,125,121,104,125,77,127,180,124,101,127
126,126,127,127,126,126,128,125,127,125,127
129,128,126,125,126,125,126,125,127,128,127
138,114,126,122,160,125,148,102,124,108,127
126,127,127,125,127,124,125,128,127,129,127
87,94,92,113,208,100,134,240,115,101,127
203,162,148,80,125,91,67,72,223,81,127
158,111,192,113,141,117,129,103,84,111,127
166,215,71,167,59,89,106,124,57,210,127
122,136,142,117,167,86,161,103,105,117,127
128,126,127,126,126,125,123,135,121,133,127
123,125,114,111,161,126,122,154,122,113,127
108,132,128,118,134,114,166,128,113,121,127
134,117,133,121,165,109,103,121,166,101,127
123,122,124,254,138,97,82,111,124,124,127
128,125,127,125,128,126,127,127,128,128,127
97,90,79,167,224,174,48,182,110,136,127
152,114,130,114,153,154,121,111,104,115,127
104,122,156,81,107,160,136,121,151,124,127
199,89,176,129,152,122,91,159,59,94,127
98,171,122,91,95,162,107,105,116,192,127
139,125,160,102,117,154,101,162,107,102,127
151,150,130,84,143,96,159,85,137,117,127
153,159,133,105,204,112,83,145,98,75,127
97,132,109,195,92,133,125,138,149,117,127
119,204,90,80,79,109,145,93,239,97,127
156,100,152,146,155,177,119,145,57,64,127
127,126,127,127,126,128,128,126,127,127,127
144,125,144,110,120,108,143,110,124,135,127
103,132,124,141,139,122,123,122,142,129,127
124,132,126,129,126,133,126,129,124,124,127
150,144,115,121,104,118,116,106,137,156,127
135,117,118,91,124,114,126,174,142,130,127
114,108,147,156,91,139,100,129,149,152,127
129,209,133,102,67,133,115,92,112,159,127
175,128,121,115,90,117,178,125,97,108,127
149,152,174,121,106,115,143,96,96,110,127
131,125,117,178,93,121,92,136,141,151,127
128,131,130,124,132,119,121,133,127,124,127
128,128,127,126,128,127,128,127,127,129,127
77,83,142,73,194,212,95,254,60,88,127
114,142,118,117,122,121,113,131,136,147,127
132,129,127,126,128,124,132,124,128,126,127
187,112,106,87,153,103,94,232,84,110,127
123,126,134,133,125,125,124,133,124,125,127
165,123,175,62,179,115,129,145,96,69,127
81,146,110,109,80,139,120,220,167,102,127
132,83,156,153,98,245,78,85,149,107,127
113,118,130,107,104,153,120,192,127,112,127
108,132,151,170,151,153,140,101,86,86,127
139,98,134,254,222,143,43,108,73,85,127
135,132,139,130,142,117,130,114,120,117,127
127,128,126,130,124,127,128,128,127,128,127
133,121,124,161,131,173,90,132,114,107,127
128,127,127,124,128,125,127,128,127,126,127
125,127,128,127,129,128,127,130,127,128,127
132,129,130,174,80,135,106,171,142,81,127
157,227,127,99,111,101,108,114,104,98,127
162,90,93,109,128,95,133,182,145,136,127
124,128,137,127,128,121,128,121,127,127,127
131,148,132,101,113,114,149,114,147,112,127
123,109,166,150,167,48,164,68,151,112,127
125,142,120,110,150,115,133,113,118,140,127
159,125,107,129,84,165,113,158,96,138,127
212,189,71,87,32,117,91,55,210,188,127
108,125,160,116,137,128,114,145,114,126,127
123,118,137,164,76,149,85,141,102,180,127
192,73,144,83,243,72,94,93,171,110,127
154,106,157,140,103,133,128,114,112,127,127
127,128,130,127,130,127,126,127,127,128,127
61,212,97,44,132,133,151,99,109,203,127
178,96,73,144,153,121,128,184,89,116,127
144,125,127,139,146,90,109,176,102,106,127
126,127,127,125,130,125,124,127,127,128,127
127,129,127,125,127,129,128,126,124,126,127
129,193,66,130,137,149,84,113,88,183,127
136,133,124,124,130,138,129,128,110,120,127
136,116,144,118,146,109,126,140,118,117,127
174,152,124,86,98,92,176,129,139,75,127
90,111,114,152,92,154,172,94,80,205,127
126,127,127,125,129,125,129,136,126,127,127
113,133,127,136,125,140,103,131,116,143,127
173,127,106,154,110,117,126,122,97,140,127
115,162,121,139,101,135,118,121,120,142,127
158,53,171,132,95,128,138,213,83,108,127
129,127,127,128,128,126,128,127,127,128,127
79,83,144,187,163,170,160,131,70,109,127
125,127,127,129,127,127,126,127,127,126,127
129,126,122,132,132,127,131,130,127,124,127
149,100,100,130,182,111,101,121,177,110,127
120,140,193,54,155,132,64,154,58,175,127
127,128,127,128,126,128,128,127,127,125,127
143,157,104,63,254,114,101,122,82,121,127
129,196,120,119,101,101,99,109,196,91,127
174,118,104,135,130,103,100,171,115,118,127
172,117,146,145,82,91,198,105,81,116,127
182,162,86,105,141,87,88,106,193,118,127
127,129,124,126,126,124,124,131,127,132,127
90,116,103,194,130,142,103,140,151,124,127
138,122,122,115,117,124,122,159,146,108,127
127,125,127,128,125,126,128,128,127,129,127
128,125,127,126,132,125,128,125,127,125,127
112,100,160,197,120,93,176,85,154,84,127
88,94,97,147,144,149,178,88,178,119,127
76,104,174,171,177,150,151,107,79,86,127
101,150,117,134,137,140,129,113,120,132,127
114,153,124,136,121,158,128,96,120,118,127
125,55,145,206,183,227,148,168,0,43,127
126,128,130,128,123,126,126,122,127,131,127
176,150,102,200,60,153,54,126,120,148,127
188,198,97,78,93,81,115,54,189,151,127
120,131,215,81,164,128,151,103,72,81,127
156,132,133,127,114,111,117,111,138,129,127
113,116,141,147,170,135,131,105,112,108,127
127,126,128,127,124,127,127,127,127,126,127
113,131,140,107,116,116,131,152,130,123,127
128,128,127,128,127,126,127,128,126,129,127
115,122,130,125,151,101,150,113,130,130,127
97,97,136,231,106,133,134,106,124,136,127
86,126,106,175,146,166,159,105,97,115,127
147,129,134,126,112,133,134,108,121,118,127
123,129,127,122,128,126,131,131,127,129,127
128,128,126,124,126,127,124,131,126,133,127
113,121,122,89,187,114,110,203,116,97,127
140,112,160,117,114,92,127,133,161,111,127
112,136,153,93,140,100,171,111,120,120,127
197,77,186,153,62,53,181,63,141,147,127
127,127,127,126,126,126,127,127,124,126,127
112,116,148,134,75,138,114,145,118,168,127
147,126,130,188,137,137,45,107,165,104,127
194,132,165,18,132,74,65,65,194,204,127
143,133,120,136,121,125,111,118,136,127,127
86,102,108,186,148,159,139,149,92,117,127
95,140,112,174,110,180,85,143,114,141,127
116,92,157,118,120,118,92,188,87,180,127
140,143,137,118,117,119,116,119,127,126,127
103,121,121,111,130,158,117,163,121,123,127
129,127,127,127,129,125,125,127,128,126,127
128,126,130,125,134,123,127,128,124,127,127
128,127,127,128,126,128,127,127,127,129,127
127,131,118,136,129,133,118,129,130,121,127
135,132,134,111,124,115,130,131,138,123,127
125,127,127,127,130,126,126,124,128,124,127
130,125,127,127,129,132,126,123,124,119,127
126,127,120,134,120,123,131,138,118,138,127
129,129,128,124,127,126,129,128,124,128,127
207,114,167,65,232,143,90,94,54,93,127
138,140,150,130,117,96,131,106,115,130,127
110,131,122,123,89,109,151,171,134,134,127
127,131,127,127,126,126,126,127,130,126,127
162,102,152,169,122,157,84,133,101,98,127
95,138,144,55,133,150,186,182,99,66,127
125,125,126,131,125,129,125,126,128,131,127
142,140,90,58,172,72,176,121,216,75,127
161,106,193,136,164,78,143,111,89,81,127
96,122,107,119,104,140,118,164,192,117,127
134,117,70,240,58,174,163,86,82,165,127
145,135,124,88,97,121,134,125,197,99,127
97,212,112,101,103,90,75,118,120,229,127
133,160,124,122,144,118,113,109,124,118,127
156,148,148,111,112,116,108,138,82,134,127
187,170,128,77,87,104,86,102,157,153,127
124,137,152,91,143,115,99,140,113,147,127
116,144,121,149,113,116,131,118,148,118,127
117,254,69,112,112,79,162,31,187,124,127
132,101,158,77,135,114,153,155,90,140,127
114,152,127,120,115,133,118,118,168,108,127
108,96,168,71,103,126,133,165,145,142,127
125,118,130,122,106,130,123,118,122,171,127
128,127,128,127,127,128,127,125,130,127,127
149,173,108,112,123,114,107,101,103,172,127
132,122,126,129,124,124,131,126,127,127,127
125,132,127,122,125,127,128,126,126,131,127
194,121,167,82,118,78,118,85,153,137,127
97,118,114,155,155,116,113,184,108,125,127
155,138,127,85,81,92,254,93,97,116,127
113,119,148,103,93,138,139,132,174,105,127
48,121,96,199,56,194,158,194,127,105,127
124,125,127,117,118,131,141,127,130,124,127
130,100,127,122,148,123,111,127,116,172,127
127,129,130,128,123,125,129,125,127,127,127
129,125,128,124,126,126,127,127,128,127,127
116,123,133,103,159,121,123,156,124,113,127
62,54,101,187,179,164,150,219,55,134,127
144,125,108,123,122,128,141,137,113,120,127
126,129,130,123,127,131,131,124,128,123,127
129,126,126,129,126,127,127,124,127,126,127
129,128,127,125,128,125,126,127,127,126,127
129,127,127,125,127,127,129,125,127,127,127
148,104,100,118,175,161,138,124,102,103,127
127,131,127,125,127,128,127,127,127,126,127
127,132,128,127,129,126,126,123,124,125,127
159,204,110,32,87,75,176,129,100,156,127
97,110,120,125,146,157,114,165,120,125,127
132,133,122,118,130,125,135,121,120,130,127
166,125,142,118,115,115,151,99,121,106,127
133,132,128,130,117,126,126,124,127,124,127
174,140,113,119,129,114,118,115,130,118,127
157,116,142,121,105,133,144,116,116,113,127
128,127,127,127,127,124,128,126,127,129,127
115,122,128,98,146,150,110,190,91,119,127
128,127,127,127,126,127,126,127,127,127,127
141,114,121,107,112,116,130,131,139,161,127
129,126,127,124,126,124,126,131,130,130,127
131,138,130,131,117,118,119,126,127,135,127
129,126,127,128,126,127,128,128,127,129,127
112,114,188,153,110,109,93,132,197,67,127
127,127,132,129,123,129,128,125,127,129,127
137,135,137,151,97,121,111,114,127,135,127
119,131,142,115,123,116,129,121,144,120,127
94,117,152,131,99,190,175,75,160,79,127
126,129,127,122,130,124,134,123,127,124,127
140,190,104,65,89,81,110,86,196,178,127
161,125,127,134,122,100,139,151,103,109,127
134,136,137,124,129,137,114,102,127,129,127
159,105,127,132,117,151,175,91,96,106,127
127,126,127,124,128,127,127,129,126,125,127
128,127,127,131,125,129,124,128,127,125,127
135,123,136,125,125,124,124,121,130,128,127
123,127,127,139,117,137,136,128,126,121,127
129,126,127,126,130,125,131,126,124,125,127
128,126,130,118,138,131,151,116,124,104,127
55,70,122,174,166,254,162,148,102,42,127
148,146,134,97,113,107,185,126,98,106,127
152,195,107,107,118,100,103,90,180,101,127
151,123,122,110,120,110,111,140,137,140,127
117,110,152,106,128,138,103,136,177,108,127
130,128,127,124,126,126,127,127,128,128,127
130,126,127,128,128,124,126,125,127,124,127
104,131,110,156,124,139,101,150,136,127,127
148,202,39,79,115,56,167,38,203,199,127
127,128,127,129,128,124,127,129,126,126,127
123,122,147,117,148,109,151,114,112,117,127
129,138,177,100,74,151,113,116,104,157,127
127,207,88,143,110,94,124,96,110,165,127
105,111,122,92,187,160,125,170,98,104,127
129,127,127,128,125,125,126,129,128,129,127
120,171,132,109,107,143,149,102,112,106,127
121,132,117,153,140,107,172,100,106,126,127
131,125,127,130,126,125,123,127,132,126,127
149,107,155,107,156,105,143,108,134,102,127
101,137,115,94,205,82,110,217,108,97,127
146,129,126,115,114,138,132,123,134,111,127
135,138,180,106,112,82,154,127,86,125,127
93,84,145,164,163,194,101,175,81,97,127
151,147,127,145,83,115,115,149,78,161,127
133,121,124,128,129,124,121,125,139,125,127
130,123,132,131,124,118,125,121,130,128,127
120,94,89,129,137,145,137,190,113,127,127
129,125,127,119,121,121,130,133,128,132,127
60,156,175,132,71,79,138,153,120,179,127
128,122,130,126,126,124,124,126,127,133,127
133,132,126,128,124,125,126,128,128,124,127
117,158,208,109,83,100,106,95,121,153,127
108,83,142,160,163,167,138,164,65,97,127
153,136,124,136,124,101,84,143,128,144,127
117,105,103,144,159,151,87,77,167,180,127
128,126,127,126,127,128,127,126,127,125,127
167,66,148,95,155,57,96,160,208,126,127
131,128,128,125,128,124,127,129,128,125,127
127,126,127,129,131,125,125,135,126,126,127
132,167,97,182,97,162,113,94,150,91,127
110,116,142,152,110,128,110,138,132,143,127
129,129,128,115,123,129,123,139,134,119,127
123,125,130,126,126,125,124,130,124,132,127
127,127,128,127,127,125,126,126,127,124,127
126,127,127,128,128,129,126,130,127,125,127
128,125,128,127,134,124,129,127,127,126,127
190,116,188,89,113,122,141,93,94,106,127
124,126,127,130,129,125,130,130,126,128,127
67,232,112,39,108,121,127,90,134,212,127
127,122,120,115,141,126,126,165,115,121,127
134,125,139,123,126,112,136,123,127,121,127
119,129,130,130,129,121,147,121,124,121,127
138,159,153,107,70,170,100,156,117,89,127
123,145,120,127,126,123,121,125,132,126,127
132,101,127,169,148,156,91,135,137,98,127
128,126,127,127,128,125,128,125,128,126,127
129,126,127,128,127,128,127,129,127,126,127
117,107,133,129,105,96,148,182,132,122,127
117,174,126,134,95,132,114,141,96,141,127
123,117,130,156,151,96,143,114,130,120,127
155,158,154,94,75,114,130,127,72,175,127
136,137,107,103,184,114,162,93,118,103,127
130,132,128,123,123,127,126,122,130,125,127
125,123,127,140,125,135,120,126,127,128,127
111,107,127,110,157,186,138,74,146,114,127
127,129,127,127,126,128,128,125,127,129,127
148,132,100,200,81,152,88,122,82,171,127
137,112,151,108,151,123,161,105,120,91,127
