137,130,131,140,133,114,144,130,127,125,117,124,145,131,131,142,125,57,121,141,124,129,121,130,110,132,126,182,146,137,122,152,114,167,135,90,127,90,183,127,129,116,107,135,130,162,118,130,130,151,238,85,132,169,42,87,129,156,149,173,125,78,134,123,93,137,118,100,116,127,122,122,135,82,129,124,151,125,156,203,120,125,78,124,137,222,133,121,121,197,130,124,112,130,86,125,128,154,155,128,124,129,132,129,127,63,126,127,87,87,128,136,128,105,112,146,125,141,140,120,142,137,128,121,129,127,126,119,115,135,128,116,23,125,130,137,152,134,129,111,132,133,116,129,132,134,108,125,134,127,119,0,99,132,23,128,142,122,135,122,123,115,146,127,128,135,182,121,166,116,124,124,122,136,143,133,131,127,155,125,129,127,122,69,231,125,132,131,189,125,133,200,111,124,126,162,118,172,0,139,118,116,127,159,161,167,136,127,116,125,129,127,134,129,109,142,139,125,254,152,136,127,127,113,128,125,134,119,126,137,179,96,127,102,125,122,135,117,130,124,132,221,128,126,132,107,113,131,141,129,186,157,127,76,51,190,127
113,138,133,105,115,145,130,132,123,47,108,131,117,254,7,146,147,77,161,115,119,127,182,126,140,55,128,83,93,146,133,94,117,124,210,90,132,116,107,154,134,102,156,110,97,199,69,77,128,239,112,200,136,98,70,204,126,17,122,103,150,164,114,132,76,130,145,106,135,119,85,146,111,119,189,133,86,128,126,179,150,134,53,134,107,199,120,147,123,168,88,203,124,127,116,122,131,166,106,124,116,122,113,226,119,111,128,126,224,108,125,117,124,133,163,75,62,129,102,174,140,141,121,147,16,121,200,176,154,105,148,121,142,121,127,66,137,125,145,106,144,148,136,132,101,117,152,123,123,141,130,129,159,124,52,153,124,95,111,140,91,124,118,137,102,180,154,122,51,113,178,61,136,113,136,109,141,125,98,140,125,127,150,137,128,133,111,128,131,118,131,125,150,117,117,80,252,104,143,157,71,155,134,95,45,29,102,127,152,140,135,124,118,116,156,123,125,139,136,136,122,127,127,116,113,128,148,131,132,150,69,131,127,121,129,130,129,137,142,128,178,137,151,134,130,139,141,63,159,158,134,96,136,109,134,112,127
135,148,161,118,245,129,178,172,116,122,181,106,220,131,119,135,108,132,95,128,123,126,67,127,132,132,139,130,149,143,121,107,114,112,123,124,145,161,167,139,109,123,140,128,110,231,184,127,132,89,101,112,119,109,107,121,113,126,183,135,80,122,128,121,147,132,120,85,142,145,136,137,163,100,128,195,130,147,136,123,118,127,23,146,33,112,204,160,120,142,110,142,118,118,127,128,119,63,128,0,139,194,122,107,123,140,0,142,129,122,122,144,124,127,105,130,122,124,114,129,27,129,21,116,127,120,120,70,117,135,103,130,134,129,124,134,98,120,130,159,254,115,127,136,81,118,119,89,124,114,126,97,126,142,128,116,107,124,129,117,142,123,168,121,130,199,129,117,115,126,102,120,115,137,144,96,246,151,150,208,129,127,124,128,91,124,120,124,121,167,77,137,129,126,119,114,129,141,128,119,117,119,124,109,123,126,116,152,120,122,51,85,130,129,133,148,128,133,142,130,119,128,127,118,129,142,121,150,115,117,129,129,127,137,0,118,126,38,124,134,101,117,121,128,113,124,133,114,160,131,72,82,114,129,136,107,127
98,140,96,105,148,42,144,117,133,97,145,137,133,78,160,146,146,144,144,113,106,134,142,133,114,110,136,158,133,108,132,138,148,184,106,163,134,122,142,113,134,101,159,142,132,186,105,118,151,162,71,91,125,189,124,123,105,124,55,130,183,146,148,129,165,142,155,120,85,129,111,127,140,139,0,121,50,127,124,102,114,188,73,134,190,157,144,128,145,116,178,112,115,130,124,131,122,116,114,133,118,135,106,144,93,131,124,122,130,134,131,135,0,120,131,52,112,132,126,74,118,80,137,157,132,137,149,200,131,140,31,106,170,166,132,168,155,121,129,166,173,83,126,129,99,51,88,140,125,94,115,79,122,168,76,108,158,141,104,146,80,129,106,139,114,169,204,136,172,0,141,179,166,160,110,148,88,116,132,126,130,127,108,123,128,86,99,168,142,106,113,157,254,127,76,87,107,228,64,142,17,123,132,161,87,96,116,120,124,127,114,130,0,88,135,158,118,111,150,106,131,138,127,146,103,137,152,119,180,130,130,125,127,143,126,124,169,152,121,125,145,187,96,125,135,135,111,146,124,82,122,79,126,144,121,125,127
141,109,89,130,119,98,133,133,127,145,110,122,122,111,93,91,118,108,124,101,133,120,134,115,149,98,118,76,113,143,106,113,136,103,88,139,138,86,80,126,102,114,131,115,164,169,90,141,102,58,180,160,117,103,108,130,99,105,229,103,102,75,118,128,104,101,124,88,221,146,127,143,93,128,119,134,155,131,71,150,157,176,102,161,105,112,105,146,133,179,86,170,145,103,154,109,94,16,152,117,117,147,118,82,135,112,131,141,110,88,119,106,118,141,158,109,137,146,140,186,145,141,113,162,132,127,128,80,115,107,119,136,89,113,111,83,113,142,148,108,130,93,130,105,149,111,145,117,129,157,139,168,115,116,111,121,86,124,91,142,108,133,113,120,92,40,114,142,111,136,145,124,121,43,107,119,150,128,104,88,118,127,135,147,129,94,134,125,169,138,102,113,127,127,47,101,0,164,113,97,125,121,133,90,157,97,77,127,141,124,140,137,115,116,118,81,138,144,112,143,144,121,127,120,139,93,116,131,137,124,148,118,127,144,131,128,108,184,157,209,105,193,147,132,126,124,126,125,123,143,132,110,156,99,143,60,127
113,125,162,125,121,162,126,123,127,93,111,139,166,40,117,105,143,132,141,139,114,125,97,129,129,58,121,172,99,160,132,111,108,114,98,119,121,97,108,126,123,122,147,141,126,166,171,139,129,174,164,151,140,0,77,89,122,120,203,118,100,159,148,132,103,124,121,121,125,13,130,112,140,88,118,125,147,126,127,177,119,112,70,121,77,9,134,107,135,196,132,158,96,127,112,125,112,165,124,125,138,128,110,119,126,135,126,124,126,127,127,137,129,124,124,117,189,113,99,104,110,112,129,110,130,130,124,103,151,143,120,103,96,133,128,164,163,118,7,142,134,127,127,126,111,115,152,123,122,134,130,121,154,127,248,122,121,97,137,112,142,126,121,139,126,149,135,130,108,138,108,132,156,114,136,134,110,112,135,107,126,127,130,123,148,102,135,143,140,130,117,121,132,116,132,112,143,107,111,155,120,124,121,110,112,119,145,126,132,124,121,128,117,122,125,116,130,121,115,125,146,129,127,113,149,135,0,132,127,101,126,150,127,119,127,122,100,139,132,118,143,220,119,127,128,124,122,101,116,117,148,166,141,146,134,169,127
0,138,123,151,115,107,134,124,125,50,134,125,144,39,116,137,137,200,143,134,128,128,197,130,122,121,133,106,107,96,133,87,143,160,114,130,125,104,175,118,132,102,147,74,115,192,20,88,111,165,147,105,136,98,184,125,113,127,112,92,120,163,124,126,143,153,118,122,134,145,172,134,67,91,2,132,136,128,130,130,136,136,53,115,137,80,139,130,135,71,169,116,115,132,120,127,164,155,168,128,104,128,76,162,126,61,127,127,162,120,127,117,147,126,115,130,158,132,125,126,164,27,125,152,131,127,108,126,95,135,138,113,108,160,129,106,165,129,110,146,138,50,122,124,128,129,90,132,149,103,121,132,62,128,178,100,128,131,125,155,95,132,115,135,136,73,40,121,116,164,136,86,141,118,145,115,145,119,155,122,128,127,125,169,148,46,135,145,135,118,114,193,102,157,184,127,84,150,170,174,97,124,127,138,76,97,132,130,138,128,128,118,101,129,115,114,133,120,97,142,118,133,127,112,146,117,107,135,159,136,149,116,127,95,126,104,58,137,94,118,125,250,160,132,128,117,102,74,164,138,118,77,141,141,122,160,127
140,134,123,110,147,141,117,127,131,142,138,137,114,115,135,108,136,139,104,131,143,128,112,128,174,101,128,101,113,79,117,135,107,32,132,105,131,129,159,107,132,161,115,142,117,167,121,149,136,174,102,83,136,122,109,146,153,138,119,122,146,172,113,146,90,44,117,132,107,131,143,130,151,181,135,124,143,128,128,114,128,163,76,118,154,74,133,117,136,124,50,127,103,105,130,125,116,122,79,133,116,128,120,130,117,139,126,124,106,89,129,130,94,107,1,153,122,130,117,126,112,81,131,121,124,127,124,147,101,145,121,128,146,52,128,89,118,111,126,90,171,156,139,123,96,110,142,132,124,141,127,221,109,108,194,130,110,169,117,120,150,119,199,141,117,166,164,154,125,90,137,139,135,150,137,128,113,144,106,156,130,127,140,123,93,172,38,101,148,121,127,113,72,127,229,161,86,83,157,142,112,131,121,150,120,149,113,124,126,0,124,122,105,136,112,127,138,150,160,91,127,1,127,134,11,150,126,120,151,119,108,110,127,93,127,119,159,122,134,130,135,148,133,126,129,135,120,102,119,129,141,92,126,107,118,90,127
127,136,88,101,144,129,132,128,130,109,70,116,110,29,0,183,118,134,120,110,113,127,100,128,113,122,124,127,150,99,133,202,130,200,131,160,148,176,105,58,148,73,132,143,68,182,169,168,137,133,110,180,128,223,86,121,176,186,46,146,221,121,113,129,137,153,136,55,182,116,137,123,95,147,15,127,248,128,125,112,161,113,50,124,124,128,147,134,150,153,124,81,63,182,98,134,177,135,99,138,140,129,122,170,87,143,125,127,166,128,128,133,122,121,128,0,142,147,98,165,128,159,131,115,129,126,106,102,147,184,73,132,134,149,125,77,144,165,127,110,143,154,124,109,83,96,120,125,194,130,115,87,133,150,105,133,148,108,93,183,114,126,127,187,113,144,91,137,97,162,143,26,147,171,132,152,108,148,69,150,131,127,111,141,152,120,118,145,106,91,122,98,233,115,24,109,205,145,153,114,47,121,127,160,106,10,134,127,61,141,122,125,121,23,134,171,115,168,78,96,179,129,127,143,164,191,109,122,128,53,93,198,127,149,127,104,174,145,133,125,149,121,112,122,129,160,113,81,107,5,132,175,180,105,147,117,127
158,132,109,138,126,145,136,126,129,114,118,137,140,113,164,141,148,174,132,115,78,130,125,132,156,72,135,83,110,0,104,128,162,29,153,133,107,104,150,140,131,112,145,111,122,155,97,138,143,136,178,81,130,134,79,133,109,115,162,140,137,167,133,150,99,124,54,119,146,134,115,124,103,163,95,127,131,126,143,132,139,136,76,113,84,164,122,115,123,170,125,113,111,121,117,124,132,135,125,125,75,130,115,127,112,131,125,121,119,133,129,130,117,58,105,126,122,8,137,104,151,135,129,136,129,132,126,197,147,87,128,111,100,124,128,140,137,103,127,70,147,171,128,123,137,135,152,140,88,81,126,230,117,121,96,118,122,241,139,146,143,0,152,140,134,147,119,129,105,145,128,133,144,88,102,130,110,114,116,112,130,127,122,96,152,188,137,61,135,137,115,87,139,126,135,118,99,165,125,170,71,135,204,131,132,118,132,126,117,199,130,126,134,138,129,110,148,128,180,79,132,131,127,124,41,116,132,125,117,117,112,193,127,110,126,120,152,120,138,121,79,170,102,125,129,131,132,106,144,121,153,149,137,1,121,102,127
30,111,134,158,140,76,123,132,127,169,110,132,105,186,175,95,91,187,132,130,145,125,110,123,137,126,126,186,123,81,92,117,146,164,141,134,143,125,134,145,127,119,121,137,134,184,151,182,134,143,149,96,124,103,172,173,125,96,149,118,166,139,122,127,139,153,118,125,138,157,93,130,105,131,74,127,137,128,124,120,139,124,57,130,88,81,120,126,125,65,156,112,133,96,119,125,91,119,151,119,147,128,174,26,138,64,128,127,121,120,125,124,68,128,137,112,116,150,114,136,76,74,126,109,138,127,107,99,141,114,107,140,126,67,125,136,130,106,144,103,134,39,136,134,99,147,78,126,125,162,138,147,146,127,163,139,116,139,105,117,176,133,91,132,121,163,78,151,105,160,120,141,116,130,134,129,121,126,130,91,127,127,131,166,85,232,99,119,159,123,123,186,105,0,176,91,93,182,144,171,121,126,133,135,93,97,145,132,118,113,134,135,114,135,122,132,148,119,73,140,123,125,127,145,175,150,149,127,147,129,155,116,127,102,130,144,82,130,94,134,151,170,191,132,123,133,136,112,96,145,129,77,104,142,130,118,127
131,108,85,124,133,138,164,101,139,123,0,128,186,110,122,127,116,137,140,131,123,124,240,230,126,142,126,134,115,125,145,136,129,148,108,131,128,118,123,132,116,127,143,153,127,163,73,142,122,123,83,121,136,166,153,116,124,160,110,123,109,134,130,130,112,155,121,103,135,113,118,124,127,111,138,129,119,153,123,125,129,131,57,130,182,143,93,112,137,130,156,113,124,130,134,123,123,141,138,86,103,151,133,142,127,121,127,110,115,144,129,110,128,132,124,115,131,135,127,138,105,133,0,119,128,0,132,154,117,114,140,146,148,132,0,130,140,134,123,125,167,141,124,117,106,124,132,23,117,111,99,134,141,107,135,113,109,117,119,130,108,134,109,130,131,108,123,128,139,132,102,138,140,95,140,109,145,108,130,189,127,127,132,105,171,132,142,131,125,175,108,133,118,120,102,128,124,121,126,138,123,124,132,129,133,155,68,120,128,126,40,115,127,119,124,131,94,122,127,135,135,132,127,129,124,133,132,97,119,137,134,123,127,140,145,154,118,36,133,142,147,47,121,122,112,138,129,150,108,124,129,131,139,142,123,210,127
119,120,137,114,136,138,91,120,130,126,98,140,126,137,127,130,146,128,111,127,117,126,71,126,121,136,114,122,120,122,128,135,132,153,98,94,117,123,127,121,129,146,135,126,88,174,116,149,129,131,92,79,121,146,132,132,147,118,181,120,136,147,127,127,142,118,126,92,108,126,104,108,117,83,139,142,114,125,254,114,133,131,62,112,127,133,164,114,124,125,140,118,125,121,113,119,142,166,127,91,95,124,141,111,124,135,120,107,106,120,126,135,122,120,157,122,122,127,143,86,112,124,128,136,126,124,127,166,117,128,130,118,150,117,131,118,144,135,114,140,246,140,115,114,248,115,124,145,122,106,133,115,123,124,133,124,179,133,110,130,111,121,118,131,94,109,127,119,132,127,121,122,131,203,127,132,105,107,119,107,126,127,120,144,106,121,135,126,124,141,198,152,136,124,26,137,56,107,121,130,127,126,122,133,146,120,84,102,110,110,153,121,129,138,122,116,170,117,150,128,134,126,127,106,131,129,131,148,114,119,128,132,127,118,120,131,156,67,118,131,141,126,115,122,138,122,114,145,123,119,107,139,132,125,137,99,127
143,166,95,171,135,110,111,130,130,179,73,103,107,195,159,40,93,130,98,116,107,127,124,136,105,127,120,93,114,116,139,115,127,181,132,154,105,171,76,198,122,105,91,106,36,197,160,118,126,119,112,121,117,219,88,124,174,183,134,141,189,123,138,131,117,138,145,61,176,128,74,103,173,133,145,128,230,128,118,123,143,137,41,145,134,112,125,127,124,169,141,71,121,39,111,138,125,163,77,140,130,128,168,151,176,132,126,124,158,109,129,152,127,120,130,180,109,153,151,123,117,175,124,121,127,124,110,78,144,168,154,133,123,140,126,156,131,84,128,121,155,138,130,120,81,168,121,120,76,122,128,84,133,151,134,0,155,134,86,143,138,131,149,0,103,117,124,137,92,135,152,137,42,106,116,145,122,138,176,127,130,127,115,145,132,95,114,121,121,109,127,103,121,120,28,172,177,141,115,109,205,122,130,9,131,27,154,127,175,134,130,110,147,167,143,47,122,155,118,96,10,133,127,79,153,48,152,130,177,169,124,171,127,168,127,116,47,131,130,132,163,117,63,123,126,140,108,109,115,0,146,154,84,112,141,125,127
149,133,137,131,138,131,143,131,127,124,119,130,123,111,177,156,110,166,150,103,103,132,92,131,152,105,127,104,106,60,108,122,132,30,126,108,128,119,105,161,132,150,130,143,123,153,138,135,149,138,170,110,126,110,116,120,139,116,122,119,133,142,136,113,104,102,69,106,130,135,122,118,127,136,80,127,133,127,139,125,110,88,85,127,49,132,118,121,121,129,186,132,137,137,150,112,155,166,163,131,114,129,137,129,134,106,126,120,107,167,126,135,105,124,127,142,125,0,136,131,77,160,123,98,128,127,130,125,132,103,140,106,114,116,126,155,123,133,136,56,156,166,142,133,126,111,139,124,102,67,142,216,173,114,123,138,117,108,157,142,98,173,125,129,106,168,124,150,104,146,133,130,133,121,143,131,124,137,152,150,126,127,137,134,131,218,131,114,125,115,119,103,109,127,149,107,79,142,125,146,98,124,15,93,144,131,107,126,116,110,137,135,136,136,153,163,131,144,184,89,115,145,127,147,76,136,127,122,142,117,126,219,127,99,128,112,118,131,122,131,34,127,122,126,132,137,136,134,130,128,116,108,144,41,130,82,127
119,127,94,152,107,162,121,131,125,113,106,133,115,103,139,139,129,127,138,78,124,127,158,133,119,107,126,220,161,99,128,124,95,120,134,125,129,136,60,75,132,129,164,110,95,200,82,187,121,86,40,150,131,146,79,115,120,109,121,105,124,56,0,138,151,112,39,111,135,137,117,131,121,187,111,135,113,129,123,123,95,150,59,144,188,106,133,154,147,138,127,128,169,151,138,142,38,140,160,116,137,121,128,96,183,143,128,130,123,91,127,123,119,154,109,145,141,130,132,105,157,151,126,173,133,124,147,187,123,118,149,114,153,128,125,169,116,127,139,157,124,150,152,134,91,153,141,106,0,110,125,157,147,113,100,48,127,144,117,15,138,139,137,105,92,157,32,149,155,159,127,155,133,116,121,132,140,145,162,137,125,127,141,18,96,164,149,164,58,105,137,159,113,136,74,146,206,33,243,69,113,125,121,0,121,87,114,130,151,158,129,133,113,119,132,133,145,135,130,83,194,128,127,133,140,69,112,134,94,134,10,73,127,131,129,95,110,158,147,124,63,211,82,132,121,133,136,146,123,131,184,166,128,122,137,143,127
161,133,118,99,121,108,129,125,128,0,119,132,134,37,81,151,116,0,144,110,137,129,178,128,114,114,125,137,167,135,130,111,61,148,155,129,118,99,111,136,138,128,189,109,126,191,35,101,138,121,103,129,135,140,209,93,120,91,118,102,84,95,130,130,132,139,99,122,127,145,151,134,103,102,7,130,107,128,122,142,148,143,54,144,171,138,117,128,133,57,171,118,132,152,115,148,132,125,129,127,137,129,128,173,101,177,126,130,189,31,128,121,138,130,124,142,136,128,75,119,152,190,127,107,134,132,96,222,141,107,138,143,133,114,131,94,146,146,128,196,106,182,126,131,109,136,153,137,114,131,113,36,107,136,85,93,126,82,117,187,126,136,114,133,93,148,127,130,141,130,134,85,154,122,121,136,141,133,128,127,129,127,117,0,128,27,125,143,57,113,115,83,134,120,194,142,146,97,112,32,145,105,130,119,113,128,132,130,142,116,125,131,128,132,126,140,138,120,120,133,152,126,127,99,124,97,132,131,155,139,48,122,127,128,128,132,96,146,130,123,163,220,123,131,127,131,124,167,149,128,254,110,133,127,130,164,127
121,131,124,115,130,134,151,131,112,129,69,125,166,139,104,156,107,153,128,131,129,132,115,254,119,129,97,140,127,121,130,127,127,127,61,119,125,138,134,142,140,126,104,137,80,152,91,146,143,128,81,122,142,148,144,127,117,157,116,122,217,138,130,125,133,134,122,110,129,121,137,119,175,95,134,90,115,116,118,130,126,90,76,134,121,130,92,126,136,131,110,124,129,133,118,108,122,99,121,149,106,0,123,140,122,143,129,150,110,177,127,121,138,132,133,136,123,129,127,130,118,139,173,101,128,2,127,143,124,116,123,147,153,126,10,152,107,117,123,96,148,145,126,104,139,107,122,82,121,96,119,125,176,109,136,124,120,116,164,140,100,127,127,130,121,131,132,133,132,127,189,128,135,124,152,119,164,168,122,202,125,127,123,133,196,115,143,132,116,164,0,134,122,132,134,119,119,117,125,137,139,109,126,112,131,135,141,89,113,126,81,135,120,132,123,177,133,119,140,146,127,133,127,117,159,143,131,112,113,136,113,132,127,157,141,110,136,1,128,124,117,123,122,125,67,125,153,139,131,118,164,166,139,142,123,149,127
111,66,141,132,110,145,95,121,121,108,138,136,167,110,120,82,127,126,172,129,133,120,0,120,128,126,126,33,188,126,148,118,85,151,135,118,89,99,150,82,0,140,129,123,121,184,158,99,132,115,97,146,123,142,131,115,134,107,92,113,189,54,66,140,74,132,136,120,129,133,114,118,73,140,134,127,64,128,121,129,136,123,66,120,158,126,117,64,140,123,136,127,159,127,107,122,127,154,168,110,119,128,133,139,117,144,131,126,121,45,119,156,138,127,118,141,120,116,119,137,120,116,130,129,134,147,130,173,144,114,144,135,146,112,132,127,122,126,128,188,199,194,132,125,103,143,143,157,115,146,192,110,129,141,112,132,127,122,131,168,100,130,113,137,120,175,98,138,141,131,152,140,141,186,104,155,138,153,66,186,114,127,137,103,117,122,134,120,56,160,129,146,177,132,98,134,112,8,168,125,123,126,130,123,117,131,121,132,134,135,120,89,118,117,118,92,139,131,98,121,118,119,127,133,123,108,138,114,157,100,120,137,127,106,132,129,155,101,128,127,135,170,139,124,119,122,119,137,121,124,154,198,145,126,129,173,127
58,168,17,68,246,243,79,95,154,86,79,119,241,152,34,254,243,216,0,163,109,164,52,155,96,254,183,207,162,108,183,208,177,231,88,254,65,230,254,254,177,209,254,187,46,159,124,99,174,99,28,4,162,177,211,89,59,168,180,233,164,238,171,109,167,202,25,147,151,80,127,49,176,36,173,93,180,110,127,51,52,63,84,54,134,190,185,22,175,46,254,0,103,226,66,67,125,139,40,175,103,154,125,141,99,190,110,94,183,172,156,184,105,86,55,172,89,70,79,107,163,46,175,122,84,156,81,37,128,199,155,218,225,101,164,202,254,74,77,92,179,228,0,57,70,254,84,200,70,64,80,28,0,132,228,88,122,134,231,89,254,103,172,191,37,254,196,107,179,83,230,82,169,153,105,200,28,230,207,100,157,127,5,28,252,203,172,150,35,76,100,214,203,115,197,142,234,0,203,206,31,53,61,189,110,238,26,104,0,86,91,56,154,170,18,218,248,86,170,254,64,146,127,56,19,251,169,70,13,168,75,168,127,77,109,35,189,54,69,138,0,121,109,99,164,27,0,0,113,107,150,117,214,197,81,95,127
115,111,107,115,102,0,123,132,118,55,115,133,77,108,208,103,70,90,139,115,209,122,161,116,141,116,104,100,143,123,70,0,134,132,141,125,158,129,143,208,135,115,149,128,156,178,46,198,115,105,107,155,125,140,88,136,110,118,164,113,122,105,148,119,137,103,149,104,131,137,91,149,93,178,57,133,133,130,95,119,121,94,81,141,158,127,118,169,101,148,140,144,80,56,97,149,75,136,90,115,46,118,160,89,133,114,129,136,120,113,125,124,111,139,149,137,147,134,128,120,156,9,120,83,139,121,151,186,0,125,120,140,131,89,122,134,135,0,144,110,94,41,139,128,81,147,118,108,132,191,133,108,150,144,58,37,118,89,76,106,204,134,104,106,107,106,197,119,134,24,168,157,126,124,107,107,131,122,124,118,125,127,136,197,132,194,110,93,182,122,137,101,116,136,48,146,164,245,10,134,188,144,133,131,119,87,144,136,161,119,131,129,75,127,142,87,107,133,169,117,184,125,127,144,133,138,112,145,57,135,153,129,127,140,132,152,129,144,141,122,170,207,114,130,124,139,142,82,146,103,73,34,123,113,147,137,127
126,138,130,102,126,119,127,124,128,125,157,132,107,130,157,168,144,139,126,132,127,127,176,139,168,136,117,73,178,179,103,138,93,145,161,103,118,118,145,113,145,148,131,38,110,197,21,109,113,173,118,67,123,142,206,118,118,121,108,121,142,46,127,136,99,93,127,117,131,126,123,119,148,178,132,133,90,128,124,179,107,164,53,138,89,170,119,149,142,43,160,112,135,167,166,136,150,130,100,133,115,129,139,164,108,64,126,124,114,110,132,121,129,127,101,164,132,153,124,128,176,172,128,97,128,127,130,178,120,69,135,95,142,59,129,75,121,131,144,14,131,138,133,124,122,149,15,125,122,149,124,40,85,127,65,145,124,132,131,192,126,139,127,127,98,98,108,136,155,142,127,118,119,117,121,136,108,139,91,148,132,127,121,79,109,209,67,93,34,113,129,190,107,128,219,165,70,167,131,162,142,130,127,106,151,157,136,127,132,88,136,126,152,129,134,121,143,130,104,118,122,121,127,139,119,114,126,135,126,112,65,138,127,123,126,132,144,126,133,134,133,217,135,128,129,128,128,148,160,110,211,150,125,119,133,70,127
146,119,143,0,119,168,122,133,123,130,105,133,89,137,47,87,40,134,133,135,167,125,159,125,118,132,109,72,128,125,33,123,54,72,121,82,158,174,129,84,127,228,150,122,118,194,105,109,141,130,93,141,137,107,75,144,117,150,128,101,151,74,66,116,111,46,176,94,164,134,138,145,137,160,138,133,82,132,107,134,0,168,67,156,149,62,136,145,77,167,98,141,72,137,121,111,141,164,73,115,170,119,146,154,107,113,129,133,94,82,123,118,107,152,123,153,118,144,0,127,128,134,122,80,137,117,139,81,13,132,146,121,136,109,122,68,105,115,134,98,107,134,158,141,81,154,129,101,187,209,138,207,136,96,156,146,126,124,124,167,101,120,101,128,101,79,79,133,157,150,143,112,116,138,126,130,123,153,76,141,123,127,149,156,111,197,76,143,112,118,141,168,69,132,70,139,201,27,196,89,180,117,138,122,148,130,110,133,142,18,132,128,121,111,130,114,122,96,134,133,105,138,127,154,105,126,125,140,152,97,83,66,127,145,132,133,189,142,146,125,208,146,214,135,119,137,133,142,115,159,129,136,159,162,143,113,127
126,110,151,147,85,123,130,150,129,129,116,116,114,139,115,47,113,130,141,150,123,149,101,95,130,163,192,154,117,124,126,151,120,88,127,123,176,143,95,130,108,105,118,145,117,172,131,138,11,108,143,75,127,101,127,163,120,167,147,118,129,146,144,129,150,82,112,99,120,127,130,121,78,156,109,125,143,131,127,126,127,131,79,190,109,138,38,5,115,120,110,79,175,120,19,127,119,103,58,117,125,124,137,141,134,125,126,122,132,157,134,123,114,126,156,145,128,139,137,163,126,134,136,109,123,144,127,176,133,123,126,133,127,121,132,194,139,122,130,133,88,111,128,136,118,129,124,21,138,139,136,112,104,193,127,112,127,83,138,144,126,125,215,129,96,57,140,123,155,127,154,127,125,140,159,13,134,142,1,202,136,127,136,109,158,134,129,122,132,147,139,137,114,126,158,180,146,100,121,131,127,135,127,129,144,105,104,127,127,132,135,148,131,129,112,215,132,46,133,151,131,131,127,132,127,43,125,118,130,132,109,116,127,86,130,128,144,80,124,121,107,66,140,0,127,111,136,124,134,140,118,113,138,120,130,103,127
135,127,134,132,145,120,101,134,135,128,82,139,88,100,124,121,142,112,95,121,131,120,236,123,124,127,89,128,111,123,128,114,111,112,141,105,144,106,108,132,106,131,114,134,127,138,105,103,112,94,154,142,121,121,109,132,109,114,254,126,117,117,127,133,106,115,134,136,134,134,126,133,100,153,127,125,121,127,110,141,132,97,86,142,102,114,136,114,138,142,147,132,102,120,111,125,108,55,121,93,122,123,116,130,153,120,120,162,138,114,120,125,136,137,143,120,132,133,135,98,131,136,130,127,128,127,134,59,129,122,123,254,115,146,119,103,113,135,126,15,205,109,134,118,155,130,130,119,136,134,130,137,117,108,124,128,96,140,129,111,125,135,114,136,103,127,124,115,116,134,129,134,128,122,111,138,199,168,127,65,120,127,125,136,112,124,125,124,146,153,139,123,161,134,84,125,54,135,112,123,153,118,132,119,146,110,98,120,124,135,131,83,123,132,129,133,147,121,157,119,126,125,127,112,130,125,121,148,120,132,142,107,127,119,132,104,132,181,137,253,133,133,139,132,150,124,134,140,121,123,126,116,130,122,146,87,127
123,137,112,121,148,135,134,125,128,137,138,137,112,127,122,133,173,127,105,151,111,136,114,131,148,133,131,51,114,110,77,153,144,37,116,110,123,131,166,77,126,109,106,125,82,197,134,146,140,109,57,64,132,106,147,142,124,127,80,128,106,191,107,0,115,0,136,122,129,132,133,131,158,226,187,121,169,126,118,79,118,174,77,134,184,53,136,114,145,80,53,118,129,120,204,124,98,123,74,128,106,130,143,148,111,113,125,120,149,130,134,135,92,149,142,130,127,100,119,106,127,91,133,151,118,127,110,52,115,77,110,114,183,118,133,142,118,94,117,133,162,180,117,127,125,50,123,148,135,111,122,245,127,105,239,126,126,254,150,135,148,122,215,151,121,145,188,154,153,71,128,122,137,170,120,129,104,130,136,137,132,127,143,95,129,99,39,87,124,123,124,140,100,127,126,114,167,54,159,136,143,145,64,124,97,164,108,124,138,118,125,113,93,145,106,131,118,173,152,56,134,154,127,128,0,139,125,117,131,137,89,29,127,94,125,41,145,127,122,130,168,127,36,126,130,112,108,129,128,137,101,82,100,144,119,122,127
136,151,137,129,5,139,54,145,132,113,79,121,222,100,120,124,122,134,98,121,122,128,121,123,131,139,254,126,143,142,130,127,124,137,136,154,121,148,148,134,106,121,140,137,145,160,191,127,134,141,114,127,123,120,124,97,125,127,142,146,233,126,130,126,137,142,121,115,124,137,122,135,174,127,116,0,109,149,118,122,128,163,74,112,41,124,155,162,136,131,145,138,114,133,119,141,116,89,125,182,97,59,123,114,127,135,162,133,127,105,129,133,120,127,107,124,124,121,121,121,35,117,167,131,127,114,134,99,132,147,116,123,129,123,123,156,108,129,129,155,171,119,120,162,110,141,124,103,121,138,115,111,133,137,132,113,118,121,124,106,154,125,151,129,127,205,121,126,123,129,166,130,128,144,134,114,61,161,125,0,139,127,126,122,85,119,122,124,127,174,27,137,135,120,197,120,113,144,134,114,113,124,127,125,141,142,134,158,120,126,113,133,135,117,117,123,143,140,124,119,125,128,127,128,113,150,124,154,121,114,142,134,127,136,5,128,113,62,130,141,133,87,115,133,49,125,115,135,152,138,166,63,125,132,139,133,127
83,134,134,142,159,140,130,125,132,189,160,140,102,118,117,123,116,127,113,136,125,132,71,129,136,65,138,66,93,126,150,162,165,150,195,118,130,138,109,118,132,144,86,152,94,202,151,182,151,254,81,153,139,128,135,236,115,31,144,30,154,210,114,123,113,153,128,111,124,107,254,109,179,127,99,121,97,125,142,143,118,160,42,127,142,201,138,124,148,110,31,195,83,60,112,131,155,113,109,129,153,134,158,12,122,103,125,121,148,98,134,133,128,126,127,124,143,129,131,113,74,95,135,116,0,128,201,177,115,129,124,122,162,100,133,149,140,138,126,121,157,140,127,123,88,131,127,141,141,124,121,111,105,132,76,176,149,123,124,106,188,119,141,113,136,176,128,159,61,114,141,132,74,163,128,135,123,111,141,148,133,127,141,134,132,155,133,149,119,119,123,171,65,127,200,139,150,104,182,177,109,131,122,72,11,15,122,121,122,118,122,117,125,138,119,105,101,128,120,126,0,126,127,146,140,128,55,116,82,125,108,135,127,98,126,141,83,131,103,128,115,180,145,127,131,122,138,163,92,155,163,126,104,132,119,130,127
66,130,101,130,126,164,142,128,127,137,118,137,148,115,123,133,135,190,92,128,130,128,123,133,126,142,127,115,149,116,137,127,109,199,146,78,132,57,99,124,122,127,128,131,153,167,124,124,130,148,224,131,125,124,0,85,130,108,158,112,123,143,120,125,190,150,120,93,128,138,124,114,128,56,151,126,128,125,138,24,143,137,90,130,150,59,119,133,123,201,124,106,105,152,143,124,129,144,121,133,123,123,111,128,124,139,126,130,84,161,128,135,141,148,111,122,126,123,145,119,127,144,127,132,118,120,124,219,135,133,130,121,46,128,131,116,120,142,110,123,121,121,120,138,132,124,111,121,142,115,118,120,114,120,188,128,127,124,144,115,126,127,126,122,108,82,76,124,166,108,136,127,114,113,140,139,126,130,133,137,128,127,121,123,254,130,125,124,129,129,138,136,127,127,96,117,85,89,196,89,148,126,140,147,128,159,124,127,126,125,122,132,167,125,121,133,98,130,96,136,129,128,127,123,157,116,122,128,106,130,129,138,127,109,126,149,120,131,174,130,129,204,130,129,129,120,136,112,133,126,195,138,130,131,0,213,127
215,14,198,182,32,44,156,162,100,156,220,0,4,79,221,11,58,46,121,93,173,81,250,87,164,142,62,32,0,191,27,57,0,0,227,49,176,168,15,70,92,57,69,94,254,254,161,106,0,88,254,254,95,57,20,203,124,41,64,0,148,0,100,140,0,37,169,0,0,183,137,254,27,233,86,161,117,143,113,251,221,137,46,197,0,63,63,164,0,254,115,128,254,16,198,41,254,98,254,85,254,115,0,0,254,58,154,168,60,66,86,27,167,174,121,26,161,179,146,0,89,232,72,170,145,100,158,0,161,0,0,66,0,0,87,0,50,189,190,254,152,0,184,229,168,19,199,35,198,238,197,208,219,70,66,188,210,134,0,14,40,173,0,22,198,0,62,162,0,186,31,195,78,197,0,42,252,49,2,88,89,127,254,222,45,41,108,33,254,109,150,31,40,151,237,20,197,228,59,67,201,194,176,34,254,0,254,164,228,167,174,218,61,22,254,0,18,179,156,83,179,100,127,159,229,26,99,194,142,1,254,66,127,254,146,224,0,254,209,125,189,173,194,160,86,254,209,172,194,190,131,0,40,51,219,80,127
106,140,130,106,74,158,118,107,129,135,171,131,221,136,134,151,132,130,135,125,118,122,226,114,131,123,106,54,188,130,137,140,117,158,128,146,135,126,157,106,192,130,91,112,99,167,165,120,90,84,97,128,123,144,144,104,130,127,126,133,151,77,72,115,56,148,141,109,142,131,133,115,150,121,158,123,131,127,117,118,116,107,68,93,189,131,104,100,135,121,114,134,153,128,100,125,127,123,173,138,123,124,138,92,137,130,127,133,142,66,116,133,119,127,118,137,129,122,115,175,153,129,135,124,131,146,118,212,123,124,136,68,152,165,131,166,110,118,127,96,81,208,132,141,124,135,129,162,106,110,0,103,130,153,125,156,144,123,126,102,146,128,117,119,131,192,122,138,137,126,148,121,116,115,105,149,39,112,104,120,114,127,129,113,108,124,115,155,65,145,134,156,100,127,144,156,125,25,161,148,129,147,127,99,121,149,122,127,122,132,110,142,116,138,123,96,133,137,127,112,124,135,127,132,122,82,131,150,116,131,114,117,127,115,126,135,124,83,113,123,135,171,78,120,120,119,125,115,140,127,163,159,138,144,124,153,127
140,158,140,151,104,28,113,135,126,120,158,128,178,127,124,167,152,104,121,114,139,124,221,137,108,132,152,148,92,127,143,108,138,99,116,122,155,149,165,144,199,125,113,0,103,179,121,103,51,103,68,79,127,138,134,132,137,120,109,134,109,168,138,138,162,101,48,101,132,133,133,139,0,167,174,133,130,128,120,92,94,152,70,158,155,88,123,124,143,122,114,120,92,122,130,141,145,122,114,111,19,130,99,135,121,130,129,127,119,100,122,109,247,141,87,81,124,113,128,162,158,81,130,170,118,127,124,168,104,121,110,144,158,161,126,132,97,130,128,72,101,84,149,142,111,109,124,127,106,100,39,126,129,126,149,151,140,86,130,105,91,133,152,132,113,126,172,123,157,74,137,104,123,112,134,82,182,129,145,184,131,127,141,155,118,137,148,112,153,142,126,99,151,127,150,99,112,169,68,122,0,116,116,97,138,132,135,132,120,133,136,99,112,108,133,176,121,110,133,88,123,124,127,125,112,123,127,146,130,140,119,97,127,134,127,106,130,121,124,116,20,246,129,144,132,132,117,2,116,132,123,124,134,144,129,152,127
140,116,116,132,83,105,123,126,121,136,115,137,87,109,127,125,127,115,105,123,124,116,10,123,141,114,136,108,116,133,115,116,118,114,107,82,123,118,87,120,126,117,146,107,111,183,125,118,111,72,154,129,126,112,106,140,112,122,150,119,34,109,124,132,111,101,124,118,156,138,131,123,100,130,133,135,148,131,91,145,145,125,65,112,113,118,104,166,121,161,113,145,161,101,124,123,137,0,125,182,83,136,120,111,131,122,138,107,118,100,120,107,130,138,149,114,132,132,140,84,124,143,121,134,134,127,137,50,135,116,122,31,101,125,122,152,113,137,136,167,178,103,130,145,164,93,135,99,146,127,146,148,122,109,117,142,102,130,124,119,122,132,109,122,111,99,118,113,120,142,142,132,129,84,107,99,59,116,116,142,119,127,135,144,69,108,117,122,149,144,137,117,96,133,65,129,61,149,112,112,135,125,133,115,137,114,90,109,127,137,113,162,122,132,126,91,159,129,141,111,133,127,127,128,133,84,122,149,118,120,148,101,127,116,124,134,112,127,139,240,123,121,156,134,110,131,140,133,138,126,132,126,126,119,148,39,127
116,0,140,128,109,133,153,158,124,126,141,119,89,148,111,226,129,136,133,133,135,142,132,88,128,102,107,154,122,117,128,102,131,155,106,138,184,154,112,141,136,134,121,132,137,169,122,132,137,114,141,170,135,134,136,110,117,121,158,130,71,154,141,127,147,126,124,112,105,119,139,108,200,138,159,128,162,127,141,123,109,134,94,0,122,139,168,112,133,106,142,165,138,162,181,127,164,126,98,114,100,129,133,137,126,139,125,124,153,142,0,194,115,124,118,127,127,121,136,168,141,121,136,121,122,151,130,136,137,132,131,130,118,130,138,195,137,124,119,119,138,118,124,141,116,119,118,0,138,120,115,134,146,7,139,91,134,127,129,137,145,123,44,124,120,159,132,124,85,125,133,137,138,111,139,201,162,117,25,122,135,127,99,138,162,136,128,131,121,136,131,127,106,127,97,73,169,185,123,120,132,121,126,139,100,77,109,127,121,115,139,166,133,144,131,40,118,139,160,131,129,131,127,121,150,0,132,60,133,140,112,150,127,87,127,139,121,98,122,117,121,90,143,135,121,133,119,106,141,66,137,150,139,127,126,94,127
144,116,140,147,123,126,131,135,121,91,117,137,121,152,158,129,166,82,118,113,103,127,117,114,156,119,111,114,132,145,114,89,108,105,92,118,125,122,135,156,122,113,123,129,178,198,97,0,133,130,123,136,133,148,140,131,250,166,11,125,157,128,112,145,98,122,139,69,51,110,87,181,97,94,108,133,119,127,166,153,131,17,68,148,253,111,112,147,86,135,129,149,150,100,151,172,162,153,100,127,67,110,126,100,108,98,132,142,144,120,125,130,154,134,129,120,168,137,126,118,128,139,116,116,138,103,110,207,111,123,106,95,125,203,127,185,94,140,125,63,56,120,146,184,136,108,140,105,101,117,141,143,116,128,107,93,157,152,57,119,122,131,146,90,105,43,122,22,124,127,99,116,129,182,115,114,161,85,159,136,124,127,110,84,121,184,89,154,160,119,180,128,122,124,47,119,148,144,143,133,148,161,132,92,141,102,103,133,158,147,139,153,115,96,166,160,161,135,77,94,120,122,127,166,113,112,115,128,182,146,172,102,127,160,127,131,108,134,149,137,163,175,63,135,130,144,140,172,128,138,137,84,107,107,135,78,127
100,137,114,116,147,147,125,131,130,174,156,135,107,76,119,154,134,100,130,135,120,130,117,128,135,96,131,117,88,129,150,140,116,134,205,105,129,161,116,121,146,138,125,127,69,211,59,83,136,251,90,189,22,93,94,254,141,31,90,95,143,179,114,120,91,145,150,121,118,116,49,129,124,124,73,123,0,126,138,149,129,153,45,126,113,197,121,130,130,153,94,192,100,97,118,111,123,143,113,133,133,129,20,185,103,121,127,124,103,144,129,126,120,130,137,126,124,133,122,120,86,112,129,151,163,120,0,148,155,119,127,133,155,108,129,99,112,114,133,51,148,150,122,141,118,114,140,124,119,130,129,141,142,132,64,155,134,118,120,177,74,121,122,118,109,156,159,145,56,99,102,0,132,145,134,120,118,111,99,125,130,127,145,143,99,213,116,121,130,111,145,144,214,152,141,96,183,101,147,162,139,129,127,80,12,59,114,122,145,134,133,129,140,132,141,146,105,131,96,101,68,127,127,136,140,134,114,127,157,114,117,134,127,96,126,144,126,127,126,131,136,186,165,126,133,133,119,82,129,145,163,130,136,122,129,82,127
111,118,134,129,153,119,123,128,129,142,123,130,114,132,130,132,126,151,124,131,128,127,46,128,175,143,143,6,171,193,100,152,122,146,152,97,130,117,132,91,122,113,108,167,130,203,179,150,149,123,128,54,125,141,211,127,106,130,100,119,147,27,132,124,120,96,120,122,149,125,132,113,166,196,118,124,109,128,110,174,118,130,51,156,94,162,140,127,124,38,144,112,96,167,168,136,118,130,118,124,142,128,131,88,132,49,127,126,112,133,126,121,141,127,131,144,127,120,152,121,0,144,129,147,127,130,134,170,120,75,137,159,131,150,127,144,132,137,150,83,153,138,139,126,114,121,1,125,106,116,138,38,110,121,65,153,114,150,134,117,134,124,138,128,114,123,111,150,164,138,138,116,113,126,111,141,136,162,123,145,129,127,127,72,139,199,85,98,10,124,133,217,92,130,144,154,93,185,116,152,143,142,130,116,148,157,135,126,124,144,127,119,137,145,135,156,129,131,139,92,123,128,127,133,118,137,130,129,117,114,82,101,127,97,128,97,149,132,133,133,107,206,61,124,128,125,122,139,67,109,185,151,99,128,133,100,127
108,139,137,112,131,168,133,127,130,118,113,142,166,171,151,127,126,136,128,158,113,129,105,131,137,62,108,150,96,158,130,85,136,110,82,119,113,110,122,130,131,134,146,120,125,174,103,135,127,159,160,153,140,11,91,126,126,115,140,90,88,177,138,128,100,127,117,112,124,1,81,118,144,104,93,124,130,126,120,174,117,131,64,121,91,0,116,124,129,191,119,165,108,141,123,137,110,139,125,129,109,129,147,103,116,112,126,126,78,150,127,131,125,126,127,99,0,115,145,120,137,102,130,111,137,127,118,112,148,145,118,122,102,137,129,146,145,94,0,89,123,115,132,134,114,138,153,129,96,132,126,135,150,127,254,124,134,198,116,145,135,126,129,117,132,135,112,112,109,143,133,173,135,171,124,134,117,103,132,92,127,127,134,120,125,142,133,138,149,135,125,146,97,134,112,117,145,101,142,164,86,127,124,123,95,114,136,124,116,127,127,127,125,117,122,116,121,124,103,130,140,125,127,121,149,123,203,129,165,117,129,131,127,102,126,130,80,131,124,127,125,199,117,123,129,117,130,166,146,117,123,144,130,138,133,149,127
122,135,137,141,124,115,128,125,128,172,144,127,107,132,160,132,117,163,126,121,45,127,154,131,160,140,107,148,87,174,94,102,150,145,130,102,137,122,122,124,132,116,119,94,117,198,48,160,118,129,131,60,124,130,222,112,111,100,132,137,128,140,128,123,209,120,114,124,130,134,146,113,101,156,113,133,119,129,117,0,118,125,41,115,90,145,118,144,129,15,147,108,138,109,138,132,135,117,147,124,137,124,156,101,134,159,128,124,123,174,128,123,51,134,130,97,130,135,134,138,162,108,126,83,129,130,133,110,148,100,130,141,131,58,127,136,138,118,142,19,137,51,133,129,118,141,156,125,152,152,139,24,188,144,93,165,127,130,140,117,179,139,117,120,106,196,91,152,146,148,152,124,111,122,139,113,125,125,139,131,125,127,135,174,75,224,100,129,130,120,131,97,87,118,206,107,84,74,142,25,98,136,134,134,136,152,132,128,122,121,136,120,119,142,128,96,138,144,92,128,112,125,127,133,148,146,118,131,125,131,151,157,127,105,128,125,107,127,1,129,149,170,140,127,121,129,142,98,158,120,125,151,138,129,137,58,127
73,186,0,85,207,186,28,96,155,71,93,89,254,159,32,189,140,186,51,254,78,154,59,150,110,243,195,189,137,94,175,158,157,248,0,208,67,254,235,228,161,173,88,140,40,219,153,135,195,129,25,44,141,225,180,59,61,254,245,218,152,221,157,112,157,240,90,3,183,103,117,43,216,0,240,102,204,112,133,56,69,160,0,35,146,205,207,1,183,93,206,53,140,177,98,0,40,137,149,154,135,175,120,106,107,183,112,106,181,213,147,179,104,81,40,188,116,102,68,115,139,104,168,0,89,169,84,73,10,179,175,191,210,163,144,212,228,65,80,93,220,203,48,74,51,31,103,195,65,0,95,26,77,167,197,53,141,146,251,169,74,81,150,200,0,163,168,142,155,109,253,96,152,0,107,178,60,254,208,77,145,127,50,40,251,185,211,146,60,1,68,190,198,105,254,246,171,89,170,202,59,1,113,229,18,239,15,108,52,82,109,66,199,254,22,189,254,106,116,178,114,137,127,0,77,203,148,89,67,134,72,176,127,101,111,31,169,130,75,167,66,221,23,100,161,35,119,11,93,96,181,181,200,195,88,74,127
123,118,170,118,93,139,139,150,122,127,154,117,128,117,137,215,120,136,141,123,125,0,130,86,131,158,67,115,151,120,106,106,124,93,124,124,43,134,91,109,131,135,118,128,153,174,134,133,208,114,129,58,125,112,125,171,125,167,171,125,102,127,124,130,127,84,127,106,118,125,129,123,165,133,127,130,137,128,126,111,126,112,64,27,127,128,174,178,118,120,119,78,115,151,0,131,106,111,102,114,133,129,142,139,120,132,127,127,124,142,135,108,124,127,149,147,126,131,116,160,138,123,132,132,120,150,127,209,121,102,129,128,138,128,137,77,168,120,125,134,127,148,118,142,123,122,132,58,130,133,100,108,124,209,134,120,130,138,155,122,129,129,207,128,119,97,136,129,162,126,109,124,126,100,148,189,141,150,249,134,133,127,141,106,156,119,139,123,116,150,136,144,127,126,120,73,117,50,137,131,132,120,124,137,139,107,105,127,132,132,137,149,127,129,117,46,128,46,110,135,129,131,127,134,121,209,126,0,131,133,115,110,127,100,129,115,152,88,120,118,131,119,149,118,121,116,137,136,141,143,104,151,110,122,129,120,127
127,127,77,130,86,153,69,126,123,121,140,131,101,133,158,128,114,140,122,120,120,127,103,130,108,127,119,84,131,122,130,132,141,124,74,146,135,99,95,122,137,128,81,120,139,159,84,73,118,98,110,104,131,144,151,113,254,144,33,100,152,144,132,118,139,134,163,72,86,123,138,142,102,96,118,138,110,121,196,122,125,1,73,145,214,135,110,124,105,125,100,139,121,100,106,146,163,140,149,138,168,118,131,154,117,136,126,167,136,151,126,124,143,130,117,124,122,129,125,104,127,136,122,91,117,112,130,193,148,122,107,102,127,129,131,137,89,139,118,127,26,141,134,254,119,155,137,124,140,140,127,148,136,120,136,124,254,181,97,100,167,120,130,110,102,116,112,0,138,132,125,130,124,186,102,122,107,101,146,43,127,127,117,138,147,128,109,112,129,128,169,136,171,127,67,122,107,128,127,151,134,150,126,121,132,123,104,139,138,140,136,132,127,109,117,154,152,122,127,97,114,133,127,139,133,124,129,114,108,111,135,144,127,121,123,141,131,136,127,121,160,125,114,126,147,128,117,181,129,123,109,116,102,123,129,47,127
87,119,158,92,129,154,116,129,126,150,132,123,173,132,82,115,122,183,146,116,113,124,113,117,65,127,116,109,118,162,100,141,73,92,127,114,132,81,143,101,122,112,123,147,126,199,163,124,119,131,159,74,121,124,157,110,133,149,188,132,115,39,150,115,96,117,108,131,115,139,142,118,143,168,155,126,127,127,138,212,55,129,53,128,142,142,126,133,133,101,111,127,97,161,193,147,129,146,64,123,128,127,130,135,127,0,130,128,78,126,125,114,135,91,146,130,129,164,110,131,85,143,121,169,125,127,127,115,125,100,126,105,107,163,125,113,112,132,137,205,124,152,133,135,110,144,66,131,104,151,134,162,121,124,134,152,113,95,116,53,106,54,148,121,105,98,164,123,132,111,138,130,119,135,112,122,113,132,119,135,125,127,142,114,110,30,147,181,69,123,124,185,133,128,160,144,126,241,34,189,129,124,162,79,136,138,105,127,133,138,124,136,133,128,133,148,121,138,192,148,132,130,127,128,60,124,119,135,147,145,105,7,127,105,128,111,126,146,145,118,110,231,124,128,129,126,125,164,91,120,221,151,111,88,141,181,127
19,120,145,168,139,101,124,128,129,81,114,125,161,152,109,109,135,215,136,117,141,127,105,122,118,129,129,203,110,97,124,131,140,165,127,125,135,105,127,128,118,121,167,151,133,207,182,118,134,175,160,95,117,88,216,111,142,79,137,79,146,143,124,127,155,147,127,115,127,161,126,132,147,104,177,124,116,128,126,111,159,123,50,127,132,60,126,133,125,23,120,101,142,110,119,136,110,136,179,123,122,132,102,148,133,73,128,130,163,142,127,121,190,134,130,120,113,129,142,161,87,54,124,153,123,128,147,144,128,96,135,132,89,136,126,126,148,120,130,217,110,42,120,129,122,141,79,123,137,104,132,147,133,127,187,96,118,91,132,130,105,132,101,133,127,160,0,120,116,172,156,104,129,114,133,120,125,126,125,118,128,127,145,147,135,24,135,126,132,116,118,188,123,148,105,87,94,142,175,151,109,125,126,152,94,70,141,128,133,128,128,141,125,125,128,136,118,119,86,123,136,127,127,124,176,161,124,127,146,144,150,116,127,86,129,119,96,146,57,128,124,195,136,128,127,125,106,79,78,145,152,116,145,138,123,175,127
191,122,171,102,129,99,137,129,124,124,121,125,151,126,109,104,122,104,137,115,179,127,147,120,61,94,128,158,132,137,82,104,95,70,116,124,132,95,136,121,125,115,104,130,130,183,114,131,120,118,152,84,120,128,135,150,139,141,190,144,128,215,127,107,92,83,108,134,107,124,126,129,121,195,114,129,117,127,120,52,65,116,60,128,130,154,123,130,133,132,131,133,131,93,171,139,141,139,105,128,139,124,111,130,139,205,127,126,79,134,128,121,152,81,144,99,127,146,122,132,123,0,122,123,128,124,127,135,121,124,119,121,97,160,127,104,157,102,132,185,116,138,133,129,100,150,161,127,131,158,125,151,149,110,105,124,117,97,112,125,113,29,155,129,106,184,95,131,134,158,154,140,130,123,117,123,146,124,132,132,127,127,136,179,141,47,123,148,162,125,123,3,162,120,128,110,107,33,182,101,97,114,177,111,144,138,111,127,134,78,127,133,81,119,121,101,133,144,127,164,142,130,127,131,27,139,129,128,134,146,124,0,127,106,128,117,103,138,89,122,123,177,127,132,131,131,118,93,128,120,120,91,123,94,137,171,127
130,132,129,128,142,128,126,127,130,144,130,130,118,125,159,127,131,137,138,124,37,126,113,124,173,147,127,98,96,199,107,122,145,142,141,93,135,129,168,117,131,113,127,141,117,202,125,120,134,110,146,77,126,134,208,108,110,134,89,127,115,142,127,131,200,107,110,110,141,126,133,129,114,157,174,127,114,128,132,3,132,148,43,128,82,168,121,126,127,27,126,118,140,108,145,123,140,140,137,128,128,126,79,168,134,188,127,126,86,154,129,137,107,130,126,93,127,122,130,110,102,122,127,159,125,126,134,115,143,79,131,143,127,148,126,167,130,119,142,42,161,62,137,135,122,102,157,127,140,110,144,11,197,142,67,163,115,75,144,130,82,117,137,123,108,116,93,148,164,152,129,124,123,136,127,130,126,133,164,112,127,127,131,177,109,195,105,128,130,108,133,69,133,151,189,96,94,23,160,0,96,135,133,134,150,167,130,127,118,153,131,123,105,125,134,125,140,150,113,116,112,126,127,131,128,158,121,126,168,136,152,138,127,90,127,98,129,139,11,135,145,205,84,125,124,127,125,110,114,116,117,146,130,129,132,87,127
179,116,126,128,124,33,108,129,126,144,84,121,148,121,95,110,128,77,153,91,184,128,116,120,41,122,131,90,107,165,124,123,152,89,146,113,137,82,149,137,128,131,164,144,112,208,173,126,134,106,108,84,126,128,177,116,126,89,142,127,142,190,127,124,151,96,104,109,134,124,126,118,131,196,148,127,123,128,119,8,31,141,54,141,122,127,116,140,141,88,90,140,88,59,213,154,104,131,165,123,156,126,139,140,137,181,128,133,99,114,126,114,185,139,117,107,129,104,134,99,94,136,125,99,130,127,130,179,127,128,133,119,116,116,127,152,120,108,134,232,118,116,124,130,121,147,157,119,143,145,125,130,187,127,97,142,122,131,134,139,143,154,138,120,87,76,115,109,167,142,131,120,117,118,132,130,137,114,137,141,128,127,125,205,101,0,206,93,152,117,123,31,96,127,135,90,91,52,136,31,93,117,94,131,151,128,130,127,140,147,119,144,136,132,143,125,135,130,137,103,136,126,127,116,87,141,127,128,66,148,137,180,127,117,128,107,118,157,57,125,81,228,125,132,131,119,140,59,82,126,138,143,156,108,137,190,127
87,128,118,99,112,158,130,131,124,128,109,129,123,147,110,133,116,190,156,105,141,126,165,122,0,125,130,254,129,136,94,124,127,58,150,118,124,93,75,134,128,118,132,103,123,197,65,117,106,104,121,65,123,109,155,144,134,121,137,138,110,64,132,134,89,85,78,127,136,133,127,125,68,185,130,130,128,127,122,205,6,99,64,127,138,121,136,154,154,109,140,141,121,114,228,104,164,141,137,129,115,125,139,142,115,34,127,130,87,254,129,121,128,127,85,164,124,23,93,125,161,124,122,98,130,127,132,142,114,114,129,114,115,113,127,138,121,127,135,191,123,141,130,132,120,149,83,126,89,133,131,212,146,118,140,124,118,214,121,128,132,153,136,124,111,207,148,119,147,113,125,137,125,121,133,127,127,138,145,135,127,127,135,41,131,30,209,166,78,115,122,182,118,130,93,141,151,197,88,177,130,105,84,63,143,151,108,130,133,171,131,137,126,111,133,122,130,131,182,92,140,124,127,124,58,107,123,133,126,132,81,207,127,108,128,118,134,148,150,120,104,219,144,128,130,120,144,164,159,122,166,123,151,63,135,176,127
177,127,127,136,134,109,141,131,130,133,126,135,131,123,124,136,136,61,92,126,127,127,108,131,130,140,137,206,170,108,130,137,116,183,111,74,135,85,153,128,128,134,126,145,158,182,126,134,130,139,239,122,131,109,38,93,128,137,148,133,142,75,124,126,119,148,122,94,123,127,119,108,120,33,147,124,138,125,134,135,143,123,83,126,127,42,129,112,122,172,122,92,111,120,145,119,129,153,180,132,144,127,125,132,129,117,125,127,112,168,129,133,125,151,135,107,123,99,128,120,126,170,129,125,117,124,122,100,126,116,127,130,35,114,129,128,139,136,89,127,137,165,124,132,115,123,66,124,136,115,117,119,87,133,222,124,124,127,136,126,118,126,117,126,140,151,202,128,155,112,127,126,128,140,146,129,127,123,135,119,129,127,127,61,250,119,128,128,196,131,134,142,130,134,95,132,88,175,30,123,145,125,124,130,131,166,148,124,120,126,125,132,125,132,131,127,115,130,157,140,126,133,127,124,146,132,128,121,107,136,186,140,127,102,126,139,96,123,127,127,124,188,132,125,128,120,120,131,129,128,168,162,135,153,10,179,127
139,80,138,144,101,16,0,125,125,122,128,122,126,115,120,105,126,96,145,77,133,116,19,137,130,131,94,154,83,135,136,135,118,100,99,109,96,128,141,152,11,131,141,95,95,185,206,112,139,108,89,123,127,141,114,118,123,112,88,108,160,143,130,131,151,107,127,90,148,137,139,148,158,125,145,130,103,129,123,122,121,166,67,70,161,114,115,140,142,147,102,142,108,80,165,144,126,160,151,119,123,129,98,137,124,112,129,130,115,117,126,140,176,142,101,74,130,132,124,159,116,115,125,171,130,134,126,195,99,118,116,78,142,156,126,118,110,127,128,182,176,63,134,130,108,100,123,134,131,120,201,121,137,126,120,138,124,105,104,124,87,134,148,131,148,76,163,127,138,79,136,120,115,152,125,128,57,119,96,71,116,127,141,160,108,159,134,104,164,169,139,111,152,141,167,0,108,186,67,128,45,118,121,118,130,135,122,132,142,139,131,152,110,101,118,106,132,128,132,99,113,124,127,126,126,114,134,123,159,134,125,109,127,132,130,94,104,125,145,126,47,222,126,118,109,123,120,29,0,135,140,56,131,131,133,140,127
60,125,153,117,124,188,134,130,128,114,124,128,151,125,112,140,122,153,113,129,156,127,122,131,113,133,132,120,122,147,125,135,83,172,130,86,122,66,108,138,127,124,129,131,155,177,131,126,126,126,225,124,128,162,23,87,135,157,161,156,139,156,124,126,181,139,122,100,110,130,128,122,137,91,118,126,138,126,154,47,132,115,76,130,151,193,119,114,128,196,146,132,100,152,127,123,111,144,80,132,98,127,116,137,127,173,126,130,75,167,127,136,127,117,115,136,122,143,140,135,120,81,126,124,136,122,122,162,124,130,126,121,23,138,129,134,146,137,127,136,128,89,113,133,119,121,145,117,136,118,118,42,120,127,50,124,142,131,141,132,122,122,129,121,118,95,31,125,162,120,129,127,118,112,146,137,121,122,149,137,128,127,117,143,253,108,130,109,121,125,140,81,117,115,84,110,72,24,206,104,146,118,127,136,160,171,111,124,127,134,127,130,155,122,116,144,123,126,34,147,134,122,127,120,151,132,131,124,127,132,111,104,127,102,126,132,141,124,168,122,130,254,114,126,132,123,122,130,127,135,132,110,131,84,50,208,127
139,120,115,117,109,156,99,0,123,147,117,147,222,111,166,91,125,150,81,130,130,127,150,115,120,94,116,103,129,122,135,135,109,113,140,113,101,90,161,140,91,135,95,137,173,199,136,121,131,114,126,120,130,138,101,107,130,139,82,117,221,143,138,120,61,139,146,115,144,114,117,138,71,56,132,124,143,134,96,155,142,117,79,120,158,125,91,98,130,160,92,127,132,145,132,110,122,194,131,128,152,123,115,119,141,115,129,139,124,78,129,123,133,128,143,139,134,132,107,125,118,146,117,145,131,124,132,74,147,122,134,151,118,130,131,113,137,128,141,114,128,168,130,112,133,130,133,61,122,130,102,171,134,142,132,151,105,184,141,123,127,128,84,140,151,145,136,133,125,131,125,130,128,107,122,95,132,146,88,74,135,127,123,141,150,130,137,129,140,129,148,111,145,124,91,134,139,138,94,133,145,128,132,161,149,150,114,137,124,123,123,77,126,133,117,143,109,138,146,143,138,130,127,127,137,90,132,72,127,128,165,123,127,120,124,132,147,81,137,139,153,63,128,136,118,128,143,130,145,134,126,115,114,137,137,200,127
118,124,130,115,89,143,108,124,136,126,104,135,97,123,118,148,146,127,126,125,126,132,239,127,120,133,141,96,117,121,136,133,119,152,118,105,122,129,90,122,125,147,123,142,102,183,72,147,123,127,96,99,130,138,135,146,134,136,123,123,122,140,130,127,129,128,112,117,116,129,107,120,103,114,126,108,100,122,242,125,130,123,110,109,137,136,126,114,125,125,132,113,121,112,130,126,99,101,129,135,149,106,142,135,128,130,112,122,119,110,135,122,124,121,148,121,126,126,128,105,145,127,157,138,128,134,124,106,118,118,131,103,145,126,130,68,146,123,117,56,54,129,128,222,254,119,126,125,119,112,115,100,123,124,133,130,169,122,131,143,98,119,104,136,110,131,137,118,132,125,123,127,129,31,122,142,99,121,127,105,137,127,131,150,78,125,146,127,123,119,122,138,170,130,4,159,73,106,138,130,119,121,122,122,135,144,78,134,116,113,110,115,127,137,125,111,162,129,155,135,131,127,127,115,122,125,128,145,109,134,121,131,127,123,125,146,121,122,117,147,127,132,121,129,119,127,136,112,114,125,135,143,133,131,135,0,127
172,155,112,93,122,149,139,124,128,171,142,130,97,106,182,166,149,46,113,140,136,132,198,135,129,136,126,37,154,92,125,145,136,172,90,129,118,99,199,127,144,131,108,54,109,177,23,127,126,208,168,110,126,107,159,156,110,132,118,79,138,69,150,128,96,156,126,106,128,129,158,107,96,64,80,131,105,127,152,135,134,146,68,116,94,67,121,136,134,71,130,109,111,112,114,120,156,140,162,133,129,129,126,124,108,212,127,120,116,139,132,129,129,136,132,89,130,127,135,129,192,144,125,123,111,127,154,75,120,143,135,92,112,133,128,105,156,135,57,5,162,184,124,121,111,128,162,136,117,122,118,130,121,137,200,124,138,113,131,160,123,121,109,127,131,148,180,145,123,114,138,128,122,146,135,121,102,111,119,113,132,127,128,84,138,199,138,135,77,124,122,0,118,136,136,181,100,118,40,58,133,128,126,120,75,127,150,127,114,116,137,113,131,133,107,103,143,119,115,138,101,128,127,138,156,84,111,128,148,117,132,122,127,68,125,139,67,116,124,129,119,211,123,127,129,110,117,103,175,140,192,127,135,158,109,98,127
123,134,83,166,147,155,128,126,132,140,131,114,137,146,136,175,254,139,104,118,127,136,110,129,111,177,137,144,137,125,201,174,148,112,87,169,124,207,113,19,128,71,126,133,56,197,148,138,67,80,89,91,139,98,93,100,156,153,71,149,174,122,148,130,123,64,0,71,177,110,153,113,77,109,126,126,122,127,121,128,109,121,38,118,87,107,156,181,175,165,146,130,152,168,23,129,132,126,19,139,172,131,143,147,164,150,124,127,138,137,132,128,104,134,107,121,120,120,156,143,134,106,132,165,135,127,130,92,168,42,36,139,155,231,126,168,173,157,117,141,172,131,42,134,104,160,108,121,69,50,139,151,119,113,158,130,140,134,144,149,106,107,49,139,101,121,125,140,171,142,117,112,115,140,104,142,113,127,195,110,131,127,144,164,143,108,0,207,130,87,113,150,130,124,0,61,182,72,128,103,66,175,154,65,162,159,132,126,121,117,116,118,102,126,142,179,111,0,153,177,116,118,127,127,142,101,125,123,118,179,143,88,127,143,128,0,228,149,128,131,30,132,116,124,128,138,111,137,133,154,104,181,0,176,143,153,127
163,129,120,92,127,165,135,124,131,111,126,135,159,121,123,106,114,158,120,167,122,126,112,127,133,78,128,105,115,77,130,113,97,110,92,150,125,82,152,115,127,101,106,129,141,142,116,134,130,161,209,126,128,158,66,124,116,168,98,156,113,168,147,146,97,152,189,123,146,126,127,119,144,100,109,126,120,125,135,146,124,146,87,124,116,228,121,122,124,204,90,116,110,94,72,133,131,144,34,126,130,131,138,116,115,154,126,127,104,66,128,128,118,0,139,120,124,147,96,123,150,99,130,131,129,132,127,193,108,93,125,114,71,110,129,91,163,121,128,135,117,147,107,119,144,136,148,143,151,157,128,136,110,133,40,121,152,246,110,134,136,184,129,130,114,107,90,113,115,160,123,132,139,189,94,130,117,136,101,128,130,127,115,141,175,121,113,129,147,133,113,88,132,122,207,113,110,173,122,172,151,139,0,126,127,120,133,127,127,91,123,128,115,146,115,108,145,105,162,153,136,127,127,119,71,138,133,132,139,117,131,17,127,127,126,108,140,123,132,118,168,213,104,124,128,127,109,126,125,113,158,147,111,83,123,161,127
106,128,102,126,125,131,125,130,130,154,115,129,149,10,59,109,129,99,138,108,138,127,141,127,122,69,124,121,94,148,143,117,114,113,194,113,132,127,141,124,125,121,113,129,84,200,123,191,124,180,93,197,0,66,86,162,116,5,156,65,136,164,115,126,94,124,120,112,147,123,118,114,138,108,226,128,163,128,121,147,135,146,70,137,153,198,130,121,134,152,56,198,131,102,131,141,87,131,106,131,64,129,143,144,147,122,127,127,254,112,129,132,133,134,132,109,121,123,126,79,173,103,129,105,160,127,18,192,138,143,140,130,135,114,129,134,159,99,141,207,141,146,133,120,109,136,132,132,95,122,126,144,117,124,51,112,126,167,140,0,168,122,127,129,121,163,160,122,68,97,128,122,0,106,145,124,125,136,124,128,128,127,146,147,125,42,136,134,130,124,125,145,83,104,201,134,193,110,142,153,101,134,121,127,43,40,85,124,141,127,122,127,124,132,130,91,121,129,90,155,142,127,127,127,124,134,117,123,0,137,94,136,127,96,128,126,94,142,134,114,151,243,101,130,131,127,126,83,110,144,161,126,115,126,118,137,127
127,125,115,122,208,156,178,149,0,104,132,118,236,121,121,98,125,134,99,131,113,127,151,86,136,137,150,144,164,137,129,114,129,140,149,148,123,153,191,127,128,128,161,152,120,198,0,117,129,139,99,111,121,117,112,123,139,150,172,152,161,129,132,120,137,150,107,98,122,138,128,132,103,129,115,145,127,17,152,122,124,179,60,127,30,132,254,124,134,129,164,127,102,127,119,136,126,87,113,58,147,65,125,121,124,138,123,183,162,99,131,152,115,126,106,127,126,116,114,81,160,105,175,130,122,139,124,85,107,138,121,164,128,128,127,117,114,129,130,119,210,149,113,106,127,145,124,120,119,123,108,103,124,166,129,100,127,114,110,118,158,123,164,134,103,222,138,121,125,120,173,110,119,121,120,95,254,171,143,183,135,127,112,111,84,116,112,131,121,141,43,139,126,124,137,163,120,144,137,127,101,123,122,113,129,155,147,0,118,114,105,43,135,125,114,123,174,135,142,126,118,131,127,119,113,129,128,143,108,125,135,129,127,134,141,142,122,67,116,107,122,127,118,124,0,122,97,142,111,128,71,42,118,131,133,123,127
127,134,125,126,0,135,133,158,197,109,53,116,187,133,108,113,117,130,91,117,120,132,142,126,130,121,223,146,139,136,115,95,122,112,122,122,117,155,172,138,140,117,129,143,114,185,51,122,129,112,101,124,127,110,104,98,123,133,158,134,95,121,127,125,139,126,104,117,117,144,114,145,167,114,102,130,108,0,154,130,133,144,71,124,13,112,176,133,123,141,122,148,101,130,117,128,122,93,117,100,107,184,112,121,130,138,134,0,136,116,129,143,128,130,117,136,127,116,117,125,155,106,73,126,127,108,132,147,104,132,101,126,116,123,111,128,79,120,136,87,91,119,127,191,126,139,124,115,121,140,126,119,125,148,123,114,155,138,122,119,143,125,152,124,140,189,123,108,112,128,125,109,122,162,140,112,98,105,110,9,134,127,113,135,123,96,114,132,135,144,83,121,126,130,163,101,99,158,128,111,131,129,127,101,144,120,96,112,109,118,0,150,123,129,125,135,161,137,130,128,126,128,127,110,157,121,123,160,114,119,135,131,127,158,139,121,136,38,127,135,116,92,129,135,109,129,128,160,126,132,169,81,128,129,148,162,127
120,125,107,118,124,94,128,127,128,153,91,116,136,149,84,40,81,120,113,122,0,130,113,135,96,171,127,164,118,121,0,92,136,86,107,160,144,188,144,202,128,253,99,121,53,197,178,126,176,114,63,49,136,99,104,114,163,76,115,145,187,124,149,132,137,64,167,42,139,113,129,118,131,105,125,131,125,127,139,136,119,94,38,145,156,112,120,96,58,153,137,139,109,0,74,148,132,142,62,133,114,127,157,131,73,136,126,132,128,157,129,119,136,164,141,166,129,69,126,111,127,167,129,124,133,124,132,146,147,102,155,135,168,99,129,108,134,67,114,166,149,100,183,138,102,219,97,117,163,134,109,157,178,112,138,144,150,201,139,166,165,129,50,117,97,198,148,143,190,111,161,118,105,80,118,148,109,155,98,127,132,127,144,117,130,67,159,0,140,109,128,150,104,127,90,189,193,125,102,98,175,63,121,214,175,148,143,127,138,117,121,132,143,146,136,84,116,22,139,8,107,121,127,124,165,168,130,130,117,81,130,159,127,161,129,115,167,152,134,131,158,132,254,129,127,147,136,159,105,149,132,150,168,149,143,130,127
189,113,157,95,129,111,109,127,129,110,116,127,144,165,83,110,118,8,143,110,135,125,98,119,107,132,125,116,163,120,130,138,88,145,101,123,124,101,177,130,118,131,151,158,132,203,183,145,123,177,159,133,125,87,217,121,139,73,139,86,102,55,163,126,96,139,138,112,124,149,122,109,146,95,205,124,129,128,128,153,158,142,52,127,148,85,125,110,124,37,124,103,127,112,131,135,110,134,163,121,138,132,113,164,126,204,128,130,175,127,128,119,128,136,141,101,110,135,107,121,53,166,124,128,128,128,151,133,166,116,136,136,85,118,126,132,144,129,117,243,115,171,124,129,122,139,152,126,122,141,130,89,140,140,160,105,117,85,127,80,129,130,100,127,125,125,164,128,118,130,116,118,122,121,129,137,105,136,101,106,126,127,138,69,120,19,124,146,63,115,117,42,119,130,116,153,169,144,18,39,138,123,127,115,95,104,130,124,139,120,126,145,132,129,127,163,116,119,127,139,142,127,127,117,167,127,135,137,132,139,102,122,127,90,129,119,121,146,130,126,177,193,122,127,129,129,123,153,67,142,210,111,121,145,128,195,127
113,224,143,117,67,130,118,143,128,126,148,121,168,137,137,0,138,134,136,124,133,132,116,94,128,110,163,126,131,122,139,183,143,170,117,138,0,137,129,130,101,143,137,138,117,167,148,141,140,125,122,165,140,149,129,100,123,124,133,132,169,130,122,125,132,127,130,99,121,122,133,122,74,154,131,127,129,130,143,124,116,124,73,204,140,137,70,120,137,118,140,169,97,122,195,124,73,120,109,121,150,127,136,130,111,142,124,124,146,139,126,0,112,122,119,127,128,124,118,160,128,118,141,121,127,154,132,88,139,124,138,133,135,124,134,44,132,124,117,136,100,135,127,143,119,126,122,40,127,122,119,136,141,0,138,116,120,124,109,138,116,123,34,138,135,181,128,129,96,124,135,130,130,150,128,0,137,123,254,187,0,127,107,130,168,131,122,137,110,161,134,135,162,124,94,185,154,148,137,129,121,119,124,170,92,91,110,126,127,121,127,128,131,137,141,207,109,147,138,126,126,130,127,128,139,232,134,122,126,137,108,153,127,91,130,139,134,59,118,121,135,115,125,126,128,139,120,74,132,60,140,144,127,129,129,123,127
156,67,127,143,64,81,130,53,121,138,141,145,254,124,149,109,128,122,122,138,113,120,164,96,124,118,90,175,0,134,133,111,135,126,150,108,148,99,108,127,94,129,129,151,124,181,115,122,113,149,127,128,123,141,135,122,127,130,148,120,254,195,132,134,168,146,133,119,140,137,124,141,140,103,130,128,136,126,109,133,130,136,90,112,174,128,145,130,134,136,83,107,125,75,132,125,131,160,159,107,59,115,118,127,130,115,134,137,119,162,132,110,116,130,128,114,126,127,131,129,129,169,127,114,142,148,117,114,126,143,144,155,122,120,138,84,115,134,127,131,117,85,133,127,136,124,131,41,134,111,80,136,108,68,126,155,115,140,154,125,143,130,114,136,179,84,92,129,137,141,139,133,123,124,134,91,141,119,137,199,124,127,130,153,126,135,124,123,140,139,151,123,126,128,172,101,135,154,147,132,115,133,138,133,123,157,124,124,118,123,110,0,153,150,139,81,142,134,73,137,132,118,127,130,139,114,123,25,117,123,108,125,127,71,134,127,140,65,115,127,129,112,119,103,116,133,139,72,156,134,166,59,124,129,124,188,127
175,110,168,132,152,135,130,130,125,165,128,133,125,156,195,137,143,5,127,128,138,127,68,126,141,114,134,51,149,103,138,141,108,164,146,114,132,117,125,138,119,128,144,155,122,195,161,160,133,145,144,134,137,122,179,151,109,137,128,93,138,69,139,126,131,142,153,118,121,148,76,109,157,91,51,126,134,128,122,130,128,123,51,137,81,121,134,134,132,56,132,120,118,102,98,126,105,118,144,123,89,125,150,10,134,205,127,127,94,67,127,125,135,132,146,86,107,117,125,82,21,152,125,136,130,127,112,187,140,121,147,138,144,143,126,153,167,124,102,83,149,184,136,136,100,117,164,121,72,106,146,74,119,134,125,138,109,107,121,114,159,132,98,128,122,145,151,147,124,125,120,162,123,134,129,137,141,131,162,129,130,127,132,15,132,227,131,128,54,122,128,16,115,112,185,179,131,104,98,32,144,138,127,105,110,91,122,128,112,131,128,114,133,121,120,147,148,123,139,95,94,133,127,155,176,148,145,130,159,112,83,126,127,87,130,103,89,133,139,131,107,245,80,127,132,130,119,164,87,144,210,122,105,138,125,117,127
